-0.2011,obliterate
-0.1751,confuse
-0.1687,tear
-0.1665,cleave
-0.1637,degrade
-0.1617,empty
-0.1593,sicken
-0.1567,defile
-0.1535,strangle
-0.1522,overpower
-0.1513,scorch
-0.1509,initiate
-0.1497,stop
-0.1486,bruise
-0.1473,ignore
-0.1464,even
-0.1462,devour
-0.1454,assist
-0.145,enrage
-0.1444,faint
-0.1442,injure
-0.1432,flame
-0.1425,submerge
-0.1407,burn
-0.1397,define
-0.1391,burst
-0.139,slow
-0.139,suffocate
-0.1381,grope
-0.1375,rustle
-0.1372,shatter
-0.137,shriek
-0.136,melt
-0.136,seal
-0.1316,silence
-0.1312,deceive
-0.13,deface
-0.13,detach
-0.1288,hate
-0.1273,wrong
-0.1264,crumble
-0.1257,abhor
-0.1252,deform
-0.1239,pardon
-0.1239,surrender
-0.1232,reek
-0.1229,banish
-0.1212,spread
-0.1211,blaze
-0.1204,tumble
-0.1204,favor
-0.1203,float
-0.1189,shove
-0.1188,sprinkle
-0.1186,yellow
-0.1177,dim
-0.1171,vault
-0.1164,stun
-0.1162,sweep
-0.1157,clear
-0.1156,err
-0.1136,quarry
-0.1134,impede
-0.1132,till
-0.1131,penetrate
-0.1119,throb
-0.1115,annoy
-0.1113,shout
-0.111,waste
-0.1109,down
-0.1109,lock
-0.1108,discard
-0.1103,clatter
-0.1092,can
-0.1089,glow
-0.1087,occupy
-0.1071,let
-0.1069,demolish
-0.1062,baffle
-0.1056,vanish
-0.1055,smuggle
-0.1055,absent
-0.1051,infest
-0.105,condescend
-0.1047,rend
-0.1042,illuminate
-0.1037,sight
-0.1036,confer
-0.1032,irritate
-0.1031,consecrate
-0.1024,joke
-0.102,ruin
-0.1018,conceal
-0.1018,limp
-0.1013,rejoin
-0.1011,purify
-0.1007,distinguish
-0.1005,swallow
-0.1005,ally
-0.1005,waft
-0.1004,whistle
-0.1,cap
-0.0997,retard
-0.0997,accommodate
-0.0996,give
-0.0987,shiver
-0.0984,entertain
-0.0983,wash
-0.0972,roast
-0.097,decompose
-0.0954,poke
-0.0951,flicker
-0.095,sip
-0.0948,rage
-0.0948,reveal
-0.0947,ask
-0.0947,graze
-0.0945,push
-0.0945,fire
-0.0945,evaporate
-0.0941,caution
-0.0939,yell
-0.0938,tread
-0.0934,explode
-0.0929,hatch
-0.0925,tow
-0.0923,heat
-0.0923,overwhelm
-0.0922,feast
-0.092,wink
-0.0918,attack
-0.0915,transact
-0.0914,inform
-0.0914,dine
-0.0913,gentle
-0.0913,forfeit
-0.0912,hover
-0.0912,excavate
-0.091,understand
-0.0899,molest
-0.0899,hush
-0.0897,fling
-0.0894,fowl
-0.0894,cement
-0.0892,suck
-0.0889,check
-0.0881,contend
-0.088,throw
-0.0879,retort
-0.0877,remove
-0.0875,distract
-0.0873,hurt
-0.0871,do
-0.0871,side
-0.0868,damage
-0.0868,grumble
-0.0864,break
-0.0857,choke
-0.0854,revel
-0.0851,wet
-0.0848,elbow
-0.0846,disperse
-0.0845,presume
-0.0843,swim
-0.0841,vest
-0.084,tongue
-0.084,eat
-0.084,insert
-0.084,blow
-0.084,upset
-0.0839,round
-0.0838,magnify
-0.0835,stamp
-0.0835,stab
-0.0832,cleanse
-0.083,avail
-0.0822,ice
-0.0822,exclaim
-0.0821,harass
-0.0816,disarm
-0.0814,pop
-0.0813,refuse
-0.0812,chew
-0.0809,shake
-0.0808,free
-0.0806,hood
-0.0803,tremble
-0.0801,lead
-0.0801,frown
-0.0799,hold
-0.0797,slight
-0.0797,nourish
-0.0795,gather
-0.0795,vacate
-0.0795,disengage
-0.0794,call
-0.0794,bottom
-0.079,answer
-0.0786,bare
-0.0782,insinuate
-0.0782,dun
-0.0781,lose
-0.0779,peg
-0.0773,feign
-0.0773,resent
-0.0769,stretch
-0.0768,base
-0.0766,clench
-0.0759,leave
-0.0758,need
-0.0757,feed
-0.0749,bleed
-0.0749,try
-0.0745,scan
-0.0741,splash
-0.0741,disturb
-0.0736,dislike
-0.0735,dispose
-0.0735,forbid
-0.0734,foot
-0.0734,shine
-0.0734,twist
-0.0733,consume
-0.0733,soothe
-0.0731,imply
-0.073,warn
-0.0726,question
-0.0726,imprison
-0.0721,bin
-0.0716,groan
-0.0714,time
-0.0707,repel
-0.0707,spin
-0.0705,breast
-0.0702,paddle
-0.0702,exalt
-0.0697,assume
-0.0697,despair
-0.0697,ridicule
-0.0696,pay
-0.0695,muffle
-0.0695,lie
-0.0692,bottle
-0.069,trade
-0.0689,affix
-0.0689,gild
-0.0689,trot
-0.0687,bless
-0.0687,wipe
-0.0685,bury
-0.0682,rid
-0.0682,mine
-0.0677,drown
-0.0675,accept
-0.0674,lift
-0.0673,scratch
-0.0673,congregate
-0.0665,teach
-0.0664,scatter
-0.066,mean
-0.0659,buy
-0.0657,stalk
-0.0656,wait
-0.0653,grate
-0.0652,test
-0.0649,fuse
-0.0649,enlarge
-0.0648,poison
-0.0645,reappear
-0.0644,startle
-0.0644,smelt
-0.0643,seem
-0.0641,lick
-0.064,wrap
-0.0639,hammer
-0.0634,advertise
-0.0633,smother
-0.0632,creep
-0.0631,fish
-0.063,linger
-0.0629,reward
-0.0629,bake
-0.0628,fetch
-0.0628,smoke
-0.0626,execute
-0.0623,hesitate
-0.062,climb
-0.062,moon
-0.0618,pull
-0.0617,string
-0.0617,destroy
-0.0616,hum
-0.0616,huddle
-0.0616,engage
-0.0615,chime
-0.0614,induce
-0.0613,writhe
-0.0612,coin
-0.0612,drench
-0.0612,humiliate
-0.0611,append
-0.0605,serve
-0.0602,refresh
-0.0602,chance
-0.0601,deprive
-0.0601,bat
-0.06,toss
-0.0598,mock
-0.0598,rake
-0.0596,arouse
-0.0596,drill
-0.0596,dust
-0.0594,secure
-0.0593,speed
-0.0591,confederate
-0.0591,nod
-0.059,become
-0.059,inspect
-0.0589,overtake
-0.0588,cock
-0.0588,bustle
-0.0587,sparkle
-0.0587,bear
-0.0586,miss
-0.0586,witness
-0.0586,mistake
-0.0581,heal
-0.058,mourn
-0.058,permit
-0.0579,caress
-0.0578,mix
-0.0578,encourage
-0.0578,coal
-0.0577,contain
-0.0575,wake
-0.0575,sour
-0.0574,rope
-0.0574,hide
-0.0573,equal
-0.0572,pelt
-0.0571,totter
-0.0568,hem
-0.0565,prepare
-0.056,devil
-0.0559,corner
-0.0557,profess
-0.0556,pass
-0.0555,stain
-0.0555,roof
-0.0555,curl
-0.0555,brace
-0.0554,cat
-0.0552,discontinue
-0.0552,tin
-0.0552,char
-0.0552,amaze
-0.0551,hop
-0.0551,rag
-0.055,toll
-0.0549,catch
-0.0549,respect
-0.0549,snap
-0.0549,quench
-0.0548,pray
-0.0545,sup
-0.0545,idle
-0.0544,sneer
-0.0543,chain
-0.0542,wrestle
-0.054,punish
-0.0539,surface
-0.0539,pierce
-0.0538,flank
-0.0537,start
-0.0537,fortify
-0.0534,rob
-0.0533,line
-0.0533,enclose
-0.0532,disappear
-0.0532,put
-0.0532,protect
-0.0529,ring
-0.0527,sting
-0.0527,belong
-0.0526,regulate
-0.0524,crave
-0.0522,imagine
-0.0521,sadden
-0.052,prove
-0.0519,perceive
-0.0518,receive
-0.0517,unite
-0.0516,puzzle
-0.0514,cross
-0.0514,fold
-0.0513,scramble
-0.0513,disagree
-0.0513,endanger
-0.0513,fry
-0.0511,take
-0.0511,squat
-0.0511,threaten
-0.0511,drop
-0.051,avoid
-0.0508,occur
-0.0508,back
-0.0507,knock
-0.0506,carve
-0.0506,shudder
-0.0504,wax
-0.0503,follow
-0.0503,carry
-0.0503,entangle
-0.0502,obtain
-0.0502,tolerate
-0.0502,kill
-0.0499,sit
-0.0498,plaster
-0.0498,reign
-0.0497,beg
-0.0493,lap
-0.0493,succeed
-0.0492,incline
-0.0492,powder
-0.0492,defend
-0.0491,beam
-0.0491,evade
-0.0491,ascertain
-0.0489,last
-0.0489,chafe
-0.0486,decay
-0.0485,bother
-0.0485,hole
-0.0479,deliver
-0.0478,grieve
-0.0477,suspect
-0.0477,trouble
-0.0474,send
-0.0471,bite
-0.047,bush
-0.0469,entail
-0.0469,shed
-0.0467,hat
-0.0466,enchant
-0.0466,will
-0.0466,pour
-0.0466,freeze
-0.0465,point
-0.0465,oppress
-0.0464,harm
-0.0464,mask
-0.0463,proof
-0.0463,fail
-0.0461,invade
-0.0457,dominate
-0.0456,awaken
-0.0455,wonder
-0.0453,usurp
-0.0452,heap
-0.0452,devolve
-0.0451,stone
-0.0451,interfere
-0.045,hollow
-0.045,erase
-0.0449,ornament
-0.0449,calm
-0.0448,sin
-0.0447,enlighten
-0.0446,thin
-0.0446,pump
-0.0446,bring
-0.0444,go
-0.0442,imitate
-0.0435,adhere
-0.0434,quiver
-0.0432,gag
-0.0431,salute
-0.0431,spot
-0.0431,fork
-0.0429,paint
-0.0427,fuel
-0.0427,participate
-0.0425,pet
-0.0425,impair
-0.0423,infect
-0.0423,examine
-0.0422,invite
-0.042,angle
-0.042,thrash
-0.042,ban
-0.0419,begin
-0.0416,handle
-0.0416,crack
-0.0416,brim
-0.0415,stroke
-0.0415,shock
-0.0415,trap
-0.0414,tip
-0.0414,discover
-0.0414,fear
-0.0413,acquire
-0.0412,hit
-0.0411,course
-0.0407,pound
-0.0406,fill
-0.0403,look
-0.0402,dictate
-0.0402,stagger
-0.0401,sing
-0.04,mantle
-0.0399,blast
-0.0397,vote
-0.0396,thread
-0.0396,fell
-0.0395,reach
-0.0395,mislead
-0.0394,flare
-0.0393,dot
-0.0392,pronounce
-0.0389,enter
-0.0389,tell
-0.0387,better
-0.0382,rack
-0.0382,glare
-0.038,stall
-0.0379,dash
-0.0377,abolish
-0.0375,inflict
-0.0374,shoe
-0.0374,see
-0.0373,deserve
-0.0372,walk
-0.0372,swing
-0.0372,duck
-0.0372,lower
-0.037,perch
-0.0369,frighten
-0.0367,cause
-0.0365,fast
-0.0365,box
-0.0364,greet
-0.0363,grow
-0.0363,ejaculate
-0.0362,gleam
-0.036,smite
-0.0358,edit
-0.0357,rub
-0.0357,ding
-0.0357,cripple
-0.0356,talk
-0.0356,intercept
-0.0356,embarrass
-0.0354,demonstrate
-0.0353,thrill
-0.0353,stunt
-0.0352,disgust
-0.0352,form
-0.035,bag
-0.0349,stick
-0.0349,deprecate
-0.0347,oppose
-0.0344,dilate
-0.0343,invoke
-0.0343,perform
-0.0342,lapse
-0.0342,moonlight
-0.0341,scrap
-0.034,meet
-0.0337,want
-0.0334,rhyme
-0.0333,cave
-0.0332,bubble
-0.0332,cough
-0.0332,tail
-0.0331,bank
-0.033,rise
-0.0329,intervene
-0.0329,sell
-0.0328,say
-0.0327,drag
-0.0327,sigh
-0.0326,slide
-0.0326,contradict
-0.0324,gamble
-0.0324,blue
-0.0324,turn
-0.0324,dull
-0.0323,sob
-0.032,retrieve
-0.0319,affirm
-0.0319,apprehend
-0.0318,screw
-0.0317,stir
-0.0317,respond
-0.0315,release
-0.0314,spike
-0.0314,front
-0.0314,harvest
-0.0309,fort
-0.0307,hang
-0.0306,deter
-0.0304,wind
-0.0304,pit
-0.0303,slip
-0.0303,sacrifice
-0.0301,communicate
-0.0301,winter
-0.03,survive
-0.03,pose
-0.03,divine
-0.03,circle
-0.03,hamper
-0.0299,grapple
-0.0298,dawn
-0.0295,clerk
-0.0295,bribe
-0.0294,discourage
-0.0294,step
-0.0293,route
-0.0291,grind
-0.029,ransom
-0.0289,thank
-0.0288,dry
-0.0288,disband
-0.0287,breed
-0.0285,exchange
-0.0285,embrace
-0.0281,sound
-0.0279,deposit
-0.0279,drink
-0.0277,damp
-0.0277,stay
-0.0275,arch
-0.0275,consist
-0.0275,reside
-0.0273,manage
-0.0272,pearl
-0.0271,whirl
-0.027,marshal
-0.027,habit
-0.0269,salt
-0.0269,blood
-0.0269,terrify
-0.0268,steal
-0.0267,yearn
-0.0267,attend
-0.0266,cart
-0.0266,appropriate
-0.0265,blossom
-0.0265,cool
-0.0265,react
-0.0265,patronize
-0.0263,rest
-0.0262,upgrade
-0.0262,buoy
-0.0262,run
-0.0261,appear
-0.0261,flash
-0.026,use
-0.026,repair
-0.0257,keep
-0.0256,peep
-0.0255,tire
-0.0251,devastate
-0.025,hint
-0.025,compel
-0.025,lounge
-0.025,obey
-0.0249,disguise
-0.0249,gaze
-0.0249,refund
-0.0248,befall
-0.0247,row
-0.0247,count
-0.0247,ply
-0.0247,direct
-0.0246,rebel
-0.0246,puff
-0.0244,focus
-0.0244,acquit
-0.0243,club
-0.0243,pick
-0.0243,flour
-0.0243,pitch
-0.0241,scourge
-0.024,behave
-0.0237,age
-0.0237,help
-0.0236,tile
-0.0236,correct
-0.0235,jam
-0.0233,heed
-0.0233,tramp
-0.0233,chill
-0.0232,bay
-0.0232,deafen
-0.0232,grasp
-0.0231,care
-0.023,darken
-0.023,interpret
-0.0229,search
-0.0228,message
-0.0227,finish
-0.0226,weather
-0.0225,flesh
-0.0223,yield
-0.0223,evolve
-0.0222,come
-0.0222,chuckle
-0.0222,die
-0.0221,pin
-0.022,camp
-0.022,prolong
-0.022,multiply
-0.0217,praise
-0.0217,summon
-0.0216,deny
-0.0215,crawl
-0.0214,chap
-0.0213,eliminate
-0.0212,restrain
-0.0211,jar
-0.0209,rescue
-0.0208,feel
-0.0207,navigate
-0.0207,cook
-0.0205,stride
-0.0205,stray
-0.0204,ball
-0.0202,cluster
-0.0202,store
-0.0201,echo
-0.02,plunge
-0.0198,light
-0.0197,forward
-0.0197,compress
-0.0196,get
-0.0193,twinkle
-0.0191,overrun
-0.019,entrance
-0.019,rain
-0.019,allude
-0.0187,pain
-0.0187,locate
-0.0186,lull
-0.0185,double
-0.0184,labor
-0.0182,add
-0.0182,intimate
-0.0181,rename
-0.018,glass
-0.0179,fare
-0.0178,sober
-0.0177,brood
-0.0176,bark
-0.0171,soak
-0.0168,spare
-0.0168,station
-0.0168,pant
-0.0167,border
-0.0166,plate
-0.0165,face
-0.0165,sleep
-0.0165,mutilate
-0.0161,seek
-0.016,assent
-0.0159,condense
-0.0159,nail
-0.0157,clean
-0.0157,compliment
-0.0157,shop
-0.0155,brighten
-0.0155,commend
-0.0153,sense
-0.0152,scale
-0.0151,haunt
-0.0149,share
-0.0149,prevent
-0.0149,prize
-0.0149,mail
-0.0148,steam
-0.0148,draw
-0.0147,express
-0.0146,enact
-0.0146,narrow
-0.0143,retake
-0.0138,tempt
-0.0137,hope
-0.0137,involve
-0.0136,skirt
-0.0135,delight
-0.0135,hound
-0.0133,top
-0.0132,wave
-0.0132,plead
-0.013,gain
-0.013,rice
-0.0129,mouth
-0.0129,resist
-0.0128,repent
-0.0128,enable
-0.0126,brew
-0.0124,overcome
-0.0122,anger
-0.0122,loiter
-0.0121,impregnate
-0.012,load
-0.012,swear
-0.012,compare
-0.0119,bounce
-0.0116,clap
-0.0115,surprise
-0.0114,shelter
-0.0114,distress
-0.0114,recite
-0.0111,smash
-0.011,repeat
-0.0106,crook
-0.0105,distance
-0.0105,haul
-0.0103,empower
-0.0102,conspire
-0.0102,whisper
-0.0101,necessitate
-0.0101,marvel
-0.0101,crop
-0.01,preserve
-0.01,ping
-0.01,detect
-0.0099,man
-0.0099,bet
-0.0096,dignify
-0.0096,relax
-0.0096,persecute
-0.0094,play
-0.0094,feather
-0.0093,change
-0.0092,boom
-0.0091,snow
-0.0091,tease
-0.0091,transfer
-0.0091,suffice
-0.009,flee
-0.009,hiss
-0.0089,bang
-0.0088,live
-0.0088,sun
-0.0088,touch
-0.0087,dissipate
-0.0087,cry
-0.0086,instruct
-0.0085,mangle
-0.0084,scream
-0.0081,drip
-0.008,exist
-0.0079,write
-0.0078,torment
-0.0077,join
-0.0077,taste
-0.0076,stoop
-0.0076,submit
-0.0075,capture
-0.0075,squeeze
-0.0073,dip
-0.0073,crackle
-0.0072,absorb
-0.0072,bread
-0.0071,stroll
-0.007,steep
-0.0068,dazzle
-0.0068,bird
-0.0067,deploy
-0.0065,smooth
-0.0064,attract
-0.0064,hurl
-0.0063,veil
-0.0063,abuse
-0.0062,pretend
-0.0062,falter
-0.0062,dive
-0.0062,perfume
-0.0062,character
-0.006,smell
-0.006,menace
-0.0058,charge
-0.0058,like
-0.0058,shrug
-0.0057,claim
-0.0057,spar
-0.0057,ram
-0.0055,enlist
-0.0055,bolt
-0.0053,reduce
-0.0051,fathom
-0.005,disappoint
-0.0049,pal
-0.0046,transport
-0.0046,shrink
-0.0046,rattle
-0.0046,spear
-0.0045,present
-0.0044,clamber
-0.004,utter
-0.0038,abstain
-0.0038,pledge
-0.0037,shoot
-0.0037,level
-0.0037,guide
-0.0036,applaud
-0.0035,shadow
-0.0034,saturate
-0.0034,subdivide
-0.0034,prowl
-0.0033,dismay
-0.0033,sink
-0.0033,distribute
-0.0032,tackle
-0.0031,beat
-0.003,blot
-0.003,foil
-0.003,argue
-0.003,pry
-0.0028,impeach
-0.0027,abandon
-0.0027,continue
-0.0026,amount
-0.0026,frost
-0.0025,proceed
-0.0025,task
-0.0025,throne
-0.0025,coast
-0.0023,launch
-0.0023,place
-0.0022,hug
-0.0022,handwrite
-0.0021,eject
-0.0021,blame
-0.0018,roll
-0.0017,extort
-0.0016,shipwreck
-0.0015,thirst
-0.0015,read
-0.0013,dig
-0.0013,trail
-0.0012,ease
-0.001,lean
-0.0009,revive
-0.0008,rivet
-0.0006,peruse
-0.0006,observe
-0.0005,uncover
-0.0005,thunder
-0.0003,maintain
-0.0002,limit
-0.0001,blind
-0.0001,coordinate
-0.0,block
0.0001,jump
0.0002,pollute
0.0002,flit
0.0003,dance
0.0004,unload
0.0004,preclude
0.0005,peal
0.0005,accompany
0.0005,revoke
0.0005,rear
0.0005,debate
0.0005,beget
0.0007,dispense
0.0009,fasten
0.001,win
0.001,converse
0.0011,procure
0.0011,aim
0.0014,interrupt
0.0015,prostrate
0.0016,tan
0.0017,wall
0.0017,file
0.0017,bristle
0.0018,implement
0.0019,busy
0.002,decorate
0.0022,wade
0.0023,shower
0.0023,cultivate
0.0025,downgrade
0.0026,saw
0.0027,find
0.0032,mill
0.0032,authorize
0.0033,learn
0.0033,kiss
0.0033,spoil
0.0035,explore
0.0035,arrange
0.0036,entitle
0.0036,realize
0.0037,sentence
0.0037,elicit
0.0037,breeze
0.0039,disable
0.0039,perfect
0.0041,provide
0.0041,right
0.0041,bud
0.0042,overlook
0.0042,doom
0.0043,yawn
0.0043,perplex
0.0044,warehouse
0.0044,preach
0.0046,ache
0.0047,judge
0.0048,stumble
0.0049,bend
0.0049,parallel
0.005,escort
0.005,foul
0.005,rock
0.0051,schedule
0.0052,equip
0.0053,bow
0.0054,wish
0.0054,shell
0.0055,assemble
0.0055,cling
0.0056,close
0.0057,produce
0.0058,withdraw
0.0059,curb
0.006,sketch
0.0062,hay
0.0062,disapprove
0.0062,nominate
0.0065,exterminate
0.0066,dissolve
0.0066,weave
0.0068,control
0.0068,bed
0.007,flutter
0.007,shuffle
0.0072,park
0.0072,cancel
0.0072,lace
0.0073,chalk
0.0073,slope
0.0073,progress
0.0075,field
0.0077,believe
0.0078,tint
0.0079,acknowledge
0.0079,fight
0.008,hedge
0.0081,register
0.0082,chase
0.0083,wine
0.0083,kneel
0.0083,exhaust
0.0084,set
0.0086,water
0.0088,concur
0.0088,divorce
0.0088,lodge
0.0088,suit
0.009,bar
0.0091,replace
0.0091,skim
0.0091,tuck
0.0095,cure
0.0096,card
0.0098,satisfy
0.0098,attach
0.0099,curtain
0.01,fix
0.01,chop
0.01,glaze
0.01,sustain
0.0101,tame
0.0101,flatter
0.0102,suppress
0.0102,ray
0.0103,vex
0.0104,stock
0.0104,retire
0.0104,constitute
0.0105,worst
0.0105,starve
0.0105,attest
0.0106,bellow
0.0106,flood
0.0106,loosen
0.0107,tree
0.0108,elude
0.011,strip
0.011,strive
0.011,embark
0.0111,bound
0.0111,wear
0.0112,saddle
0.0113,toy
0.0114,bore
0.0114,notice
0.0115,assassinate
0.0116,trample
0.0116,approve
0.0117,delineate
0.0117,warm
0.0118,allow
0.0118,thwart
0.012,wrinkle
0.0121,number
0.0122,end
0.0123,whiten
0.0124,scour
0.0124,pervert
0.0125,worry
0.0125,knight
0.0126,deepen
0.0127,desert
0.0127,breathe
0.0128,stud
0.0128,violate
0.0128,object
0.0128,bleach
0.0132,flush
0.0134,award
0.0134,stand
0.0134,alarm
0.0135,revert
0.0136,report
0.0136,concentrate
0.0136,mention
0.0137,track
0.0138,harden
0.0138,spring
0.014,tour
0.014,adjust
0.014,speak
0.014,plunder
0.0143,accuse
0.0143,regiment
0.0145,decide
0.0145,radiate
0.0146,steer
0.0147,sugar
0.0148,edge
0.015,dress
0.015,depart
0.015,drift
0.0152,shade
0.0153,press
0.0153,earn
0.0154,glory
0.0155,pair
0.0155,farm
0.0156,tat
0.0156,felt
0.0157,droop
0.0157,pile
0.0158,tune
0.0158,investigate
0.0159,explain
0.0159,patch
0.016,battle
0.0163,prey
0.0165,glitter
0.0166,expel
0.0166,overthrow
0.0167,expose
0.0167,switch
0.0169,trigger
0.0169,knot
0.0171,revenge
0.0172,intersect
0.0173,descend
0.0174,carpet
0.0174,cannon
0.0175,range
0.0175,flog
0.0178,supply
0.018,sharpen
0.018,collapse
0.0181,sign
0.0181,lumber
0.0181,cheer
0.0182,volunteer
0.0182,choose
0.0183,cotton
0.0183,overrule
0.0183,persevere
0.0184,escape
0.0185,court
0.0185,augment
0.0186,plat
0.0186,woo
0.0188,coke
0.0189,skip
0.0191,ride
0.0192,whip
0.0194,settle
0.0194,guard
0.0195,spend
0.0195,admire
0.0197,body
0.0197,oblige
0.0198,besiege
0.0198,fret
0.0199,pole
0.0199,engrave
0.0201,transmit
0.0201,skirmish
0.0201,crow
0.0201,worship
0.0201,reckon
0.0202,iron
0.0203,hear
0.0203,pace
0.0206,vary
0.0207,agitate
0.0207,blush
0.0207,advise
0.0209,practice
0.0209,distrust
0.0214,abstract
0.0214,silver
0.0214,awe
0.0218,extract
0.0218,flap
0.0218,fruit
0.022,treat
0.022,couple
0.0221,brown
0.0221,pack
0.0222,buck
0.0222,make
0.0223,second
0.0224,travel
0.0224,leap
0.0225,air
0.0225,foam
0.0226,pocket
0.0229,meddle
0.0231,fancy
0.0232,complicate
0.0234,hail
0.0235,operate
0.0237,impress
0.0238,murmur
0.0238,relieve
0.0239,gate
0.0239,fall
0.024,crash
0.0241,expect
0.0242,include
0.0242,gin
0.0246,plot
0.0246,howl
0.0246,murder
0.0247,crouch
0.0247,indent
0.0248,withhold
0.0249,classify
0.0249,beach
0.0249,fit
0.0251,build
0.0252,propagate
0.0253,service
0.0253,queen
0.0254,exert
0.0254,accumulate
0.0255,sack
0.0255,determine
0.0256,ditto
0.0257,scar
0.0257,wield
0.0258,reclaim
0.0258,dart
0.0259,proclaim
0.026,branch
0.0261,beard
0.0262,amuse
0.0264,bask
0.0265,confine
0.0265,establish
0.0266,steamer
0.0267,soar
0.0269,offer
0.0269,strand
0.0271,risk
0.0271,happen
0.0272,mass
0.0273,eye
0.0275,strike
0.0276,fence
0.0276,solve
0.0276,confront
0.0276,commute
0.028,remain
0.0282,administer
0.0285,conduct
0.0285,consult
0.0286,endow
0.0287,name
0.029,middle
0.0291,relapse
0.0292,advantage
0.0292,deck
0.0292,kick
0.0293,band
0.0293,bosom
0.0294,assure
0.0294,dare
0.0296,neighbor
0.0299,freight
0.0299,invent
0.0299,anticipate
0.03,lament
0.03,restrict
0.0302,group
0.0303,incite
0.0303,diffuse
0.0303,corroborate
0.0304,pinch
0.0304,tender
0.0305,flag
0.0307,home
0.0307,remind
0.0307,burden
0.0308,lurk
0.0309,laugh
0.031,blockade
0.0311,seat
0.0312,counter
0.0313,lay
0.0313,extricate
0.0314,ground
0.0318,resolve
0.0318,displease
0.0319,curse
0.0319,support
0.032,mud
0.0322,sympathize
0.0323,open
0.0323,inhabit
0.0324,officiate
0.0325,guess
0.0327,fascinate
0.0327,surround
0.0327,snatch
0.0329,translate
0.033,bronze
0.033,star
0.0331,cut
0.0332,remember
0.0335,prosecute
0.0336,wander
0.0336,spill
0.0336,size
0.0337,rank
0.0337,compound
0.0337,emerge
0.0337,laud
0.0338,reelect
0.0339,moor
0.034,shave
0.0342,bridge
0.0343,print
0.0343,predict
0.0345,prick
0.0345,clasp
0.0345,unfold
0.0346,differ
0.0346,impel
0.0348,slop
0.0348,suppose
0.0349,post
0.035,thatch
0.0351,cover
0.0352,trip
0.0353,rave
0.0353,entice
0.0353,show
0.0354,rig
0.0354,intoxicate
0.0354,excite
0.0355,monitor
0.0355,well
0.0355,confide
0.0356,know
0.0356,mend
0.0357,graduate
0.0357,horse
0.0358,shoulder
0.0361,separate
0.0361,reap
0.0361,scout
0.0362,manifest
0.0362,work
0.0366,elect
0.0367,yoke
0.0369,exhibit
0.037,view
0.0371,stipulate
0.0372,irrigate
0.0372,grin
0.0374,slave
0.0374,think
0.0374,obscure
0.0375,verify
0.0375,visit
0.0375,circulate
0.0375,bind
0.0376,refrain
0.0377,repose
0.0377,request
0.0378,record
0.0378,borrow
0.0379,forge
0.038,snake
0.038,enslave
0.038,frank
0.0381,organize
0.0381,animate
0.0381,castle
0.0383,bloom
0.0383,coat
0.0384,return
0.0385,assign
0.0386,reel
0.0387,style
0.0391,doubt
0.0392,recall
0.0393,average
0.0395,lease
0.0396,collect
0.0396,accrue
0.0396,frequent
0.0397,charm
0.0397,pave
0.0398,bell
0.0399,intrude
0.04,own
0.04,recur
0.04,discourse
0.0402,troop
0.0402,apply
0.0402,rail
0.0403,demand
0.0404,conceive
0.0406,hoist
0.0407,drain
0.0409,signify
0.0409,grass
0.041,gravel
0.0411,displace
0.0413,flow
0.0414,stable
0.0414,brief
0.0414,overflow
0.0415,condition
0.0415,please
0.0416,gore
0.0416,color
0.0417,horn
0.0417,rejoice
0.0419,league
0.0419,bowl
0.0419,enumerate
0.042,inherit
0.0423,welcome
0.0423,denote
0.0424,render
0.0424,dilute
0.0424,arm
0.0424,sequester
0.0425,overhang
0.0425,guarantee
0.0425,tie
0.0425,blend
0.0425,envelop
0.0426,verse
0.0426,order
0.0427,pale
0.0431,adopt
0.0431,endeavor
0.0431,trace
0.0432,railroad
0.0432,train
0.0433,pool
0.0434,piece
0.0436,consider
0.0436,recognize
0.0439,soldier
0.044,rat
0.0442,thrust
0.0443,shallow
0.0446,resemble
0.0446,flock
0.0446,forget
0.0447,solicit
0.0448,propose
0.0448,arise
0.0448,convert
0.0449,lord
0.0451,storm
0.0451,cord
0.0453,recover
0.0455,fool
0.0455,precipitate
0.0456,savage
0.0456,retail
0.0456,sport
0.0456,estimate
0.0457,represent
0.0459,tighten
0.0459,breakfast
0.046,enforce
0.046,market
0.0462,heave
0.0464,specify
0.0466,waver
0.0466,partake
0.0467,tend
0.0468,foster
0.047,shill
0.0471,provoke
0.0473,emit
0.0473,regard
0.0473,compete
0.0475,listen
0.0476,impact
0.0476,recline
0.0476,cruise
0.0478,hill
0.0478,furrow
0.0479,desire
0.048,taper
0.0481,people
0.0481,afford
0.0482,recede
0.0482,square
0.0483,spark
0.0483,hand
0.0486,addict
0.0487,map
0.0487,ruffle
0.0488,enjoy
0.0489,supplant
0.049,tarry
0.0492,congratulate
0.0492,indulge
0.0493,baptize
0.0495,rush
0.0496,vein
0.0497,moderate
0.0501,confess
0.0501,picture
0.0501,seethe
0.0501,refine
0.0505,boat
0.0505,narrate
0.0506,pink
0.0508,mind
0.0508,trust
0.0509,struggle
0.0509,redeem
0.051,cast
0.0513,wag
0.0517,stream
0.0517,petition
0.052,obstruct
0.0521,page
0.0521,bestow
0.0522,suggest
0.0523,stifle
0.0523,impart
0.0525,spy
0.0528,alight
0.0528,bewilder
0.0529,address
0.0531,enliven
0.0531,stoke
0.0538,challenge
0.054,condemn
0.0542,convict
0.0543,channel
0.0543,hook
0.0543,arrive
0.0547,lighten
0.0547,chamber
0.0547,captain
0.0549,shift
0.0551,complete
0.0552,twin
0.0553,insure
0.0553,web
0.0555,pride
0.0555,depose
0.0556,chatter
0.056,weed
0.056,earth
0.0561,adapt
0.0562,inscribe
0.0563,negotiate
0.0563,gallop
0.0564,prefer
0.0564,heighten
0.0564,scent
0.0564,pertain
0.0565,war
0.0565,dangle
0.0566,price
0.0566,plan
0.0568,fin
0.0568,reproach
0.0569,process
0.0569,riot
0.0569,comfort
0.0571,poise
0.0571,ford
0.0572,knit
0.0573,dwindle
0.0573,benefit
0.0574,intersperse
0.0575,wring
0.0575,hire
0.0585,dissent
0.0586,swell
0.0586,surmise
0.0586,privilege
0.0587,sow
0.0589,vent
0.0589,deduce
0.059,adjourn
0.059,discount
0.059,drive
0.059,torture
0.0591,score
0.0591,martyr
0.0591,board
0.0593,isolate
0.0594,rebuild
0.0594,strew
0.0594,calculate
0.0596,exclude
0.0597,rein
0.0598,coil
0.0598,date
0.0598,introduce
0.0599,shame
0.0599,stag
0.0599,ridge
0.06,surpass
0.06,scotch
0.06,amend
0.0601,abridge
0.0601,trickle
0.0602,compromise
0.0603,glance
0.0605,propel
0.0605,save
0.0607,repudiate
0.0607,ripen
0.0608,manufacture
0.0608,create
0.061,survey
0.0611,shroud
0.0613,honor
0.0614,copy
0.0614,commemorate
0.0615,transpire
0.0616,canton
0.0617,target
0.0619,lavish
0.062,nurse
0.0621,agree
0.0622,coach
0.0623,hunt
0.0623,measure
0.0623,power
0.0623,exercise
0.0624,debase
0.0624,avert
0.0627,revise
0.0628,wilt
0.0629,facilitate
0.063,wend
0.0631,quarter
0.0633,subordinate
0.0633,reinstate
0.0634,develop
0.0636,indicate
0.0636,parade
0.0638,flatten
0.0639,promulgate
0.0639,slump
0.064,venture
0.0641,beckon
0.0642,diminish
0.0642,discipline
0.0643,shore
0.0644,encircle
0.0644,lend
0.0644,boot
0.0646,extinguish
0.0647,justify
0.0647,sew
0.0648,sojourn
0.0648,inflame
0.0649,assert
0.065,shield
0.0652,blight
0.0652,display
0.0653,pursue
0.0653,list
0.0654,concert
0.0655,rally
0.0655,describe
0.0655,slat
0.0657,beset
0.0658,contemplate
0.0659,devise
0.066,fan
0.0662,underlie
0.0663,sex
0.0663,cram
0.0666,traverse
0.0668,weigh
0.0668,hawk
0.0669,copper
0.0669,wail
0.0671,land
0.0671,relate
0.0671,embroider
0.0672,review
0.0672,designate
0.0673,excuse
0.0674,clash
0.0674,persuade
0.0675,glide
0.0675,watch
0.0675,abate
0.0676,march
0.0677,coincide
0.0677,poll
0.0677,exploit
0.0679,compass
0.0682,plant
0.0684,recommend
0.0684,efface
0.0685,inculcate
0.0685,boil
0.0686,intensify
0.0689,dye
0.0692,hew
0.0692,fluctuate
0.0693,gall
0.0693,ting
0.0695,betroth
0.0697,massacre
0.0701,ascend
0.0702,repress
0.0702,lash
0.0704,succumb
0.0705,balance
0.0705,wrest
0.0706,predominate
0.0708,auction
0.0709,entrust
0.0709,protest
0.0712,confirm
0.0712,excel
0.0714,sole
0.0715,dishearten
0.0715,mortify
0.0715,shun
0.0716,regret
0.0717,culminate
0.0717,advance
0.0718,scruple
0.0718,incur
0.0719,convulse
0.0719,certify
0.0721,possess
0.0721,defy
0.0721,emanate
0.0722,enjoin
0.0722,wheel
0.0723,announce
0.0723,fair
0.0723,mitigate
0.0724,alter
0.0724,skin
0.0726,embattle
0.0727,commission
0.0727,seel
0.0728,ferry
0.0728,gap
0.0728,inaugurate
0.0728,boost
0.0729,crush
0.0729,languish
0.0729,pluck
0.0729,crew
0.0729,subside
0.0731,concern
0.0731,devote
0.0732,variegate
0.0733,import
0.0733,furnish
0.0733,accord
0.0736,generate
0.0737,harry
0.0737,descry
0.0738,refinance
0.0739,strengthen
0.074,redouble
0.0741,decree
0.0741,berth
0.0742,scend
0.0742,enhance
0.0743,grudge
0.0744,premier
0.0744,retain
0.0745,blacken
0.0745,evacuate
0.0745,surge
0.0746,delay
0.0746,resign
0.0747,ail
0.0747,restructure
0.0748,situate
0.0748,scheme
0.0748,defray
0.0748,roar
0.0748,elapse
0.0749,subjoin
0.0749,exempt
0.0749,comply
0.075,force
0.075,prompt
0.075,dam
0.0751,slacken
0.0751,quell
0.0751,rout
0.0752,exult
0.0753,exceed
0.0753,conform
0.0754,click
0.0754,stuff
0.0754,decrease
0.0755,affect
0.0755,depute
0.0755,appoint
0.0755,spur
0.0756,interest
0.0756,expense
0.0756,single
0.0757,tide
0.0758,restore
0.0758,quicken
0.0758,bespeak
0.0758,welsh
0.0758,discontent
0.0758,divide
0.0759,vow
0.0759,enrich
0.0759,suspend
0.076,widen
0.076,tax
0.0761,corrupt
0.0762,impute
0.0763,transform
0.0763,befit
0.0763,conquer
0.0763,receipt
0.0763,remonstrate
0.0764,interpose
0.0764,forbear
0.0764,milk
0.0764,stave
0.0765,mar
0.0765,rent
0.0766,achieve
0.0766,encroach
0.0766,ship
0.0767,correspond
0.0767,divest
0.0768,dissatisfy
0.0768,originate
0.0769,fend
0.077,accelerate
0.0771,avow
0.0771,contribute
0.0772,levy
0.0773,bereave
0.0773,weaken
0.0773,retreat
0.0774,bolster
0.0775,revolt
0.0776,afflict
0.0776,highlight
0.0776,undertake
0.0777,grant
0.0779,grip
0.0779,boast
0.078,elate
0.078,race
0.0782,resound
0.0782,revolve
0.0783,emigrate
0.0784,refer
0.0785,accede
0.0786,undulate
0.0787,gun
0.0787,muster
0.0787,extend
0.0789,lot
0.079,convey
0.0791,overturn
0.0791,shorten
0.0791,imbibe
0.0794,destine
0.0794,structure
0.0794,deteriorate
0.0794,insist
0.0796,sanction
0.0796,anoint
0.0797,depend
0.0797,compensate
0.0799,contest
0.08,move
0.0801,mother
0.0801,impend
0.0801,smile
0.0801,cost
0.0803,figure
0.0805,owe
0.0805,digest
0.0806,ripple
0.0806,daunt
0.0807,concede
0.0809,kidnap
0.081,reprint
0.081,slash
0.0811,lengthen
0.0811,worsen
0.0812,celebrate
0.0813,stimulate
0.0813,chronicle
0.0816,project
0.0816,adjoin
0.0817,gratify
0.0819,seed
0.0822,deplore
0.0824,book
0.0824,marry
0.0826,substitute
0.0827,vindicate
0.0828,raise
0.0829,frame
0.0829,assay
0.083,brush
0.083,perpetrate
0.083,surmount
0.0833,parch
0.0833,swamp
0.0833,cloud
0.0835,abound
0.0835,gear
0.0837,voice
0.0838,note
0.0838,sling
0.0839,appeal
0.0839,bid
0.0839,behold
0.0841,screen
0.0841,reflect
0.0841,bequeath
0.0843,rival
0.0844,stratify
0.0844,garden
0.0844,key
0.0846,doctor
0.0853,embody
0.0855,rifle
0.0855,sever
0.0859,dedicate
0.0861,delegate
0.0864,seclude
0.0865,reassure
0.0866,fashion
0.0867,wreathe
0.0867,deal
0.0868,chair
0.0869,halt
0.0871,modify
0.0875,depress
0.0875,reproduce
0.0879,seize
0.0881,forecast
0.0883,stow
0.0888,loom
0.089,export
0.0892,appreciate
0.0893,lamb
0.0895,throng
0.0897,commit
0.0899,trademark
0.0899,stress
0.09,engender
0.0903,spell
0.0903,thrive
0.0903,mark
0.0904,term
0.0904,lag
0.0905,covet
0.0906,reinforce
0.0906,quarrel
0.0907,phrase
0.0909,charter
0.0909,eagle
0.091,envy
0.091,shelve
0.0911,perpetuate
0.0912,content
0.0912,dwell
0.0912,decline
0.0915,promise
0.0916,subscribe
0.0918,publish
0.0926,nestle
0.0928,allege
0.0929,alternate
0.093,forgive
0.093,acquaint
0.0931,intend
0.0936,tap
0.0937,assess
0.0939,construct
0.094,derive
0.0941,combine
0.0941,state
0.0941,conclude
0.0943,sail
0.0944,urge
0.0944,match
0.0945,raid
0.0946,din
0.0947,preside
0.0953,recount
0.0954,convene
0.0954,subject
0.0955,grey
0.0956,institute
0.0956,increase
0.0957,remit
0.0957,intrigue
0.0958,fly
0.0963,characterize
0.0964,educate
0.0964,kindle
0.0968,identify
0.0972,compile
0.0978,garrison
0.0978,brigade
0.0979,cheek
0.098,testify
0.0981,illustrate
0.0984,postpone
0.0987,bob
0.0988,assail
0.0989,cabin
0.0991,endear
0.0991,discharge
0.0992,proportion
0.0993,deem
0.0995,grain
0.0995,reconcile
0.0996,crowd
0.1001,detail
0.101,cup
0.1011,soften
0.1015,total
0.1016,promote
0.1016,peer
0.1019,study
0.1023,oust
0.1026,bargain
0.1027,eclipse
0.1033,crest
0.1037,elaborate
0.1037,rule
0.104,accurse
0.1041,remainder
0.1042,persist
0.1043,head
0.1043,crown
0.1046,article
0.1049,shanghai
0.1049,precede
0.1051,clothe
0.1052,mature
0.1054,reserve
0.1055,profit
0.1057,finance
0.1059,ebb
0.1061,tack
0.1064,reason
0.1072,approach
0.1072,madden
0.1074,declare
0.1075,love
0.1077,indict
0.1078,pause
0.1079,adore
0.1082,port
0.1085,ordain
0.1086,mount
0.1089,espouse
0.109,aggregate
0.109,complain
0.1095,betray
0.1096,fund
0.1096,command
0.1097,contract
0.1097,widow
0.1098,lave
0.11,whitewash
0.11,trim
0.1103,reference
0.1107,prospect
0.1108,consign
0.111,braid
0.1114,seduce
0.1115,occasion
0.1117,alienate
0.1127,dilapidate
0.1131,consolidate
0.1133,denounce
0.1133,neglect
0.1137,impoverish
0.1139,influence
0.1144,value
0.1146,adduce
0.1147,govern
0.1153,quote
0.1154,diversify
0.1155,undergo
0.1156,diverge
0.116,dispatch
0.1164,verge
0.1167,sear
0.1167,disclose
0.117,associate
0.1171,mingle
0.1173,endorse
0.1188,polish
0.1191,church
0.1191,model
0.1192,issue
0.1193,inspire
0.1193,dismiss
0.1194,patent
0.1196,root
0.1207,voyage
0.121,act
0.1211,license
0.1217,annex
0.1221,disorder
0.1223,tone
0.1227,reject
0.1228,connect
0.1233,migrate
0.1234,reform
0.1234,minister
0.1237,incorporate
0.1244,grade
0.125,expand
0.1254,liberate
0.1261,draft
0.127,ennoble
0.1273,unveil
0.128,redden
0.1281,prevail
0.1282,usher
0.1287,humble
0.1292,exemplify
0.1292,tenant
0.1293,admit
0.1301,purpose
0.1309,shape
0.1311,reef
0.1314,stem
0.1315,cheat
0.1323,recess
0.1338,infuse
0.1338,invest
0.1345,emancipate
0.1348,par
0.1356,terrace
0.1358,master
0.1359,pioneer
0.1363,brand
0.1364,spirit
0.1365,compose
0.1368,divert
0.1373,speculate
0.1377,scribe
0.1398,fade
0.1403,premise
0.142,suffer
0.1426,account
0.1427,pirate
0.1427,temper
0.143,qualify
0.1431,access
0.1431,squire
0.1439,belt
0.1441,credit
0.1481,civilize
0.1484,prejudice
0.1494,host
0.1507,conflict
0.1514,strain
0.1518,result
0.1522,update
0.1528,summit
0.1566,author
0.1577,overshadow
0.1604,contrast
0.1606,wive
0.1606,experience
0.1609,reopen
0.1609,anchor
0.1612,fringe
0.1647,recruit
0.1648,resume
0.1649,design
0.1673,offset
0.1705,comment
0.1715,teem
0.1729,effect
0.1749,career
0.1767,japan
0.1854,chant
0.1876,dream
0.188,fox
0.1893,lecture
0.201,wan
