0.0014,tile
0.007,retail
0.0143,organize
0.0148,sweep
0.0152,cord
0.0161,assist
0.0198,shoe
0.0207,club
0.021,pole
0.022,pose
0.0225,erase
0.0226,wheel
0.0228,drive
0.0234,object
0.0234,adjust
0.0254,climb
0.0256,eliminate
0.0259,intervene
0.0259,lift
0.0265,frame
0.0271,empty
0.0274,separate
0.0275,box
0.0276,side
0.028,clean
0.0281,grey
0.0281,screen
0.0284,slide
0.0285,parallel
0.0287,service
0.0287,explode
0.0291,tire
0.0291,lap
0.0291,bed
0.0294,sport
0.0296,glass
0.0297,people
0.0298,water
0.0302,gear
0.0303,rope
0.0304,rack
0.0304,dry
0.0305,view
0.0307,shelter
0.0311,freight
0.0313,park
0.0313,rig
0.0316,restrict
0.0319,tighten
0.032,crew
0.0322,vest
0.0324,use
0.0324,wield
0.0325,hug
0.0325,track
0.0325,base
0.0327,drag
0.0327,monitor
0.0327,cement
0.0328,interfere
0.0328,compensate
0.0329,stuff
0.0329,switch
0.0331,discontinue
0.0332,squat
0.0332,specify
0.0338,wet
0.0339,decorate
0.0339,task
0.0345,propel
0.0346,light
0.0347,surface
0.0348,deploy
0.0349,size
0.0349,balance
0.035,pitch
0.0351,fluctuate
0.0354,buoy
0.0356,nail
0.0356,pop
0.0358,home
0.0358,ground
0.0359,bounce
0.0361,help
0.0361,support
0.0361,boot
0.0363,curb
0.0363,spot
0.0363,gravel
0.0365,wrestle
0.0366,warehouse
0.0367,grapple
0.0367,perfect
0.0368,brown
0.0368,smoke
0.0368,spar
0.0368,edge
0.0369,face
0.0369,seat
0.037,amount
0.037,ease
0.0371,rock
0.0372,color
0.0372,sink
0.0373,ford
0.0374,belt
0.0375,camp
0.0375,humiliate
0.0376,toss
0.0377,coke
0.0378,scale
0.038,bag
0.038,picture
0.0381,crack
0.0382,slope
0.0384,group
0.0385,band
0.0385,back
0.0386,swing
0.0386,disengage
0.0388,scent
0.0391,look
0.0392,shape
0.0393,pull
0.0394,store
0.0394,step
0.0395,pin
0.0397,incline
0.0398,bat
0.0398,exhibit
0.0399,ice
0.0399,repair
0.04,react
0.04,can
0.04,flash
0.0403,plaster
0.0405,advertise
0.0405,breast
0.0405,exercise
0.0406,disable
0.0406,cover
0.0407,pair
0.0407,damage
0.0408,pretend
0.0408,disappear
0.0408,cart
0.0409,focus
0.041,sour
0.041,rear
0.0411,intimate
0.0411,ball
0.0412,drill
0.0412,prevent
0.0413,point
0.0413,offset
0.0413,grain
0.0413,avoid
0.0414,loosen
0.0416,walk
0.0416,present
0.0416,railroad
0.0416,kindle
0.0418,display
0.0419,sling
0.0419,chain
0.042,silver
0.042,appropriate
0.042,lumber
0.042,arrange
0.0421,tree
0.0421,control
0.0421,fence
0.0422,mature
0.0422,seem
0.0423,gun
0.0424,disguise
0.0425,style
0.0426,isolate
0.0427,bud
0.0428,hammer
0.0428,need
0.0429,wash
0.0431,recline
0.0432,puzzle
0.0433,cheer
0.0433,drop
0.0434,do
0.0435,foot
0.0435,entertain
0.0435,dominate
0.0436,air
0.0437,fit
0.0437,converse
0.0439,record
0.044,hill
0.044,cup
0.0441,start
0.0441,solve
0.0444,tongue
0.0444,protest
0.0444,lower
0.0445,heat
0.0445,throw
0.0445,assess
0.0445,target
0.0446,worsen
0.0447,average
0.0448,roof
0.0448,shallow
0.0448,inspect
0.0448,riot
0.0448,sprinkle
0.0449,foam
0.045,front
0.0451,bar
0.0451,fix
0.0451,see
0.0453,crouch
0.0453,steer
0.0453,kick
0.0455,sit
0.0455,middle
0.0456,stunt
0.0456,clear
0.0457,smell
0.0457,stand
0.0458,bare
0.0459,match
0.0459,bother
0.0459,bronze
0.0461,hang
0.0461,ridge
0.0461,drink
0.0462,tow
0.0463,better
0.0463,stall
0.0463,protect
0.0463,squeeze
0.0463,hand
0.0464,shill
0.0465,blue
0.0466,shop
0.0467,dress
0.0467,trail
0.0468,fan
0.0468,stride
0.0468,counter
0.0469,scrap
0.0469,paddle
0.0469,smile
0.0469,exhaust
0.047,hover
0.047,transport
0.047,border
0.0471,trigger
0.0471,operate
0.0472,snow
0.0472,cotton
0.0472,wrap
0.0472,attach
0.0472,hamper
0.0474,mouth
0.0474,angle
0.0474,top
0.0475,figure
0.0475,shoulder
0.0476,load
0.0476,wear
0.0476,right
0.0477,card
0.0478,concentrate
0.0478,course
0.0478,level
0.0478,respect
0.0479,detach
0.048,cabin
0.048,piece
0.048,push
0.048,hook
0.0481,couple
0.0481,result
0.0481,lace
0.0483,labor
0.0483,touch
0.0484,down
0.0484,fire
0.0485,place
0.0485,line
0.0485,mask
0.0485,shine
0.0486,absorb
0.0486,suit
0.0488,structure
0.049,roast
0.049,involve
0.049,pile
0.049,grind
0.049,reopen
0.049,glaze
0.0491,handle
0.0491,spill
0.0491,corner
0.0491,reference
0.0492,check
0.0492,hold
0.0493,rid
0.0493,eye
0.0493,commute
0.0494,chalk
0.0494,pet
0.0494,twist
0.0494,connect
0.0496,string
0.0496,modify
0.0496,bay
0.0497,risk
0.0497,finance
0.0497,investigate
0.0497,repel
0.0497,rice
0.0499,struggle
0.05,boost
0.0501,flour
0.0503,pocket
0.0503,pant
0.0504,mass
0.0504,joke
0.0504,nurse
0.0505,dot
0.0505,surround
0.0506,care
0.0507,mud
0.0507,dash
0.0507,receipt
0.0507,progress
0.0507,collapse
0.0508,boom
0.0509,bottom
0.0509,mail
0.0509,warm
0.051,overhang
0.051,sleep
0.0511,achieve
0.0511,chair
0.0511,mill
0.0512,divorce
0.0512,huddle
0.0512,snap
0.0513,cool
0.0513,body
0.0513,scout
0.0513,model
0.0513,grasp
0.0514,assemble
0.0515,promote
0.0515,suffocate
0.0515,character
0.0515,aim
0.0515,whistle
0.0515,hit
0.0516,bubble
0.0516,note
0.0516,drain
0.0516,rail
0.0516,run
0.0517,occupy
0.0517,veil
0.0518,mix
0.0518,narrow
0.0518,stop
0.0518,compete
0.0518,round
0.0518,crawl
0.0519,provide
0.0519,gap
0.052,clerk
0.052,lot
0.0521,pause
0.0521,distribute
0.0522,pain
0.0523,seal
0.0523,open
0.0523,thin
0.0523,grip
0.0523,demonstrate
0.0523,draw
0.0523,coat
0.0524,remove
0.0524,field
0.0524,circle
0.0524,ask
0.0525,locate
0.0525,lie
0.0526,brush
0.0526,lay
0.0526,change
0.0527,design
0.0527,dim
0.0528,pit
0.053,bask
0.053,thrash
0.053,hole
0.0531,sound
0.0531,rest
0.0531,lock
0.0532,challenge
0.0533,route
0.0533,rifle
0.0534,elbow
0.0535,unload
0.0535,communicate
0.0535,concert
0.0536,wall
0.0536,forward
0.0536,hoist
0.0536,radiate
0.0537,advantage
0.0537,break
0.0538,carry
0.0538,sight
0.0539,appreciate
0.0539,second
0.054,man
0.054,station
0.054,brand
0.0541,file
0.0542,question
0.0542,impact
0.0542,click
0.0542,foil
0.0542,stable
0.0542,caution
0.0543,sketch
0.0544,occasion
0.0544,highlight
0.0544,grass
0.0546,disagree
0.0546,exchange
0.0546,lean
0.0546,plate
0.0547,fight
0.0547,compress
0.0547,fell
0.0548,allow
0.0548,schedule
0.0548,produce
0.0549,subdivide
0.0549,possess
0.0549,shave
0.0549,milk
0.0549,upset
0.0549,smooth
0.0549,madden
0.055,post
0.055,buy
0.055,breeze
0.055,cave
0.0551,access
0.0551,power
0.0551,withdraw
0.0551,deck
0.0551,argue
0.0552,disgust
0.0552,swim
0.0552,stock
0.0552,hood
0.0552,turn
0.0553,perfume
0.0553,bow
0.0553,fair
0.0554,hat
0.0554,bowl
0.0554,head
0.0555,tip
0.0555,breed
0.0555,plant
0.0555,board
0.0556,offer
0.0556,identify
0.0556,fringe
0.0556,demolish
0.0556,designate
0.0556,trade
0.0557,try
0.0557,strip
0.0557,haul
0.0558,consolidate
0.0558,yellow
0.0559,relax
0.0559,overflow
0.056,put
0.056,distance
0.056,curtain
0.056,understand
0.0561,knock
0.0561,appear
0.0561,wipe
0.0561,coast
0.0562,hop
0.0562,fast
0.0563,number
0.0563,bleach
0.0564,decompose
0.0565,even
0.0566,busy
0.0566,distract
0.0566,rescue
0.0566,tolerate
0.0566,embrace
0.0567,pump
0.0567,issue
0.0567,bread
0.0568,slow
0.0568,shoot
0.0568,hide
0.0568,express
0.0569,summit
0.0569,happen
0.0569,market
0.0569,comfort
0.057,travel
0.057,decide
0.0571,thread
0.0571,carpet
0.0571,eat
0.0571,steep
0.0572,lease
0.0572,blossom
0.0572,rake
0.0573,cheek
0.0573,patch
0.0573,notice
0.0574,flame
0.0574,twin
0.0574,float
0.0575,vote
0.0575,slump
0.0575,race
0.0575,paint
0.0575,avail
0.0576,scratch
0.0576,knit
0.0576,move
0.0576,engage
0.0577,jump
0.0577,compromise
0.0577,cook
0.0577,defend
0.0578,aggregate
0.0578,cure
0.0579,league
0.0579,chew
0.0579,arm
0.058,resemble
0.058,mount
0.058,ride
0.058,ruin
0.058,want
0.0581,negotiate
0.0581,reproduce
0.0581,hurt
0.0582,implement
0.0583,chatter
0.0583,pelt
0.0584,classify
0.0584,arch
0.0584,raid
0.0584,partake
0.0585,prefer
0.0585,wrong
0.0585,work
0.0586,pride
0.0587,fish
0.0587,hear
0.0587,winter
0.0587,trickle
0.0588,deteriorate
0.0588,accommodate
0.0589,lick
0.0589,speed
0.059,go
0.059,end
0.059,article
0.0591,soak
0.0592,choose
0.0593,weather
0.0594,shake
0.0594,coal
0.0594,fruit
0.0594,empower
0.0595,terrace
0.0596,succumb
0.0596,suck
0.0596,pertain
0.0597,dye
0.0597,treat
0.0598,institute
0.0599,diverge
0.0599,wade
0.06,web
0.06,examine
0.0601,crowd
0.0601,include
0.0601,elicit
0.0602,wind
0.0602,limit
0.0602,beam
0.0602,duck
0.0602,deafen
0.0602,judge
0.0603,battle
0.0603,dislike
0.0603,freeze
0.0604,reduce
0.0604,secure
0.0604,respond
0.0605,bark
0.0605,reinstate
0.0605,congregate
0.0606,tap
0.0606,cat
0.0607,glare
0.0607,tell
0.0608,set
0.0608,taste
0.0608,surprise
0.0609,play
0.0609,apply
0.0609,toy
0.0609,reflect
0.061,continue
0.061,iron
0.061,describe
0.0611,sack
0.0611,manage
0.0611,sense
0.0611,pool
0.0612,print
0.0612,branch
0.0613,finish
0.0613,range
0.0613,rent
0.0613,single
0.0614,steam
0.0614,dive
0.0614,crop
0.0614,compound
0.0614,cap
0.0615,crook
0.0615,review
0.0615,get
0.0615,fry
0.0615,rob
0.0615,laugh
0.0615,intersect
0.0616,fly
0.0616,force
0.0616,begin
0.0616,trouble
0.0616,leap
0.0616,calm
0.0616,watch
0.0617,detail
0.0617,qualify
0.0617,puff
0.0618,raise
0.0618,glow
0.0618,jam
0.0618,cut
0.0618,contrast
0.0618,prize
0.0618,lounge
0.0619,stretch
0.0619,saw
0.0619,correct
0.062,beat
0.062,chase
0.062,sun
0.062,approach
0.0621,listen
0.0621,confuse
0.0621,list
0.0622,weed
0.0622,refuse
0.0623,take
0.0623,silence
0.0623,warn
0.0624,oppose
0.0624,practice
0.0625,enrage
0.0626,mind
0.0626,serve
0.0626,develop
0.0626,skirt
0.0627,volunteer
0.0627,boat
0.0628,evade
0.0628,guard
0.0628,stray
0.0629,register
0.0629,indicate
0.0629,total
0.0629,clasp
0.0629,dull
0.063,thirst
0.063,equip
0.063,bank
0.0631,add
0.0631,smash
0.0631,construct
0.0631,brace
0.0631,facilitate
0.0632,deliver
0.0632,kneel
0.0632,rebuild
0.0632,descend
0.0632,ornament
0.0632,quarter
0.0632,consult
0.0633,catch
0.0633,hatch
0.0633,breakfast
0.0633,make
0.0633,create
0.0633,tail
0.0634,breathe
0.0635,stun
0.0635,wait
0.0635,ship
0.0635,embarrass
0.0636,complain
0.0636,starve
0.0636,bite
0.0636,shower
0.0636,skip
0.0637,worry
0.0637,consume
0.0637,test
0.0637,degrade
0.0638,guarantee
0.0638,submerge
0.0638,displace
0.0639,double
0.0639,press
0.0639,know
0.0639,blow
0.064,process
0.064,initiate
0.064,stamp
0.064,fall
0.064,shrug
0.064,dust
0.0641,fill
0.0641,shore
0.0642,grate
0.0642,square
0.0643,launch
0.0643,choke
0.0643,sign
0.0643,write
0.0644,officiate
0.0644,chuckle
0.0644,fret
0.0644,trim
0.0645,grade
0.0645,permit
0.0645,felt
0.0645,exclude
0.0645,flank
0.0646,entail
0.0646,feather
0.0646,tie
0.0647,pack
0.0648,please
0.0649,cluster
0.0649,reelect
0.0649,show
0.065,irritate
0.065,shadow
0.065,fork
0.0651,soldier
0.0651,message
0.0651,parade
0.0652,fetch
0.0652,accompany
0.0652,screw
0.0652,disarm
0.0652,sew
0.0653,assume
0.0653,say
0.0653,own
0.0654,rattle
0.0654,tackle
0.0654,realize
0.0655,buck
0.0655,smother
0.0655,lighten
0.0655,upgrade
0.0656,devastate
0.0656,free
0.0656,search
0.0657,wander
0.0657,abandon
0.0657,voice
0.0657,reach
0.0657,sugar
0.0657,court
0.0657,root
0.0658,yell
0.0658,doctor
0.0659,talk
0.0659,horse
0.0659,knot
0.066,whitewash
0.066,experience
0.0661,land
0.0661,bin
0.0661,content
0.0661,block
0.0661,slight
0.0661,retake
0.0661,proof
0.0661,poke
0.0661,beard
0.0661,ban
0.0662,stick
0.0662,resume
0.0662,row
0.0662,bake
0.0662,confront
0.0662,accumulate
0.0663,dangle
0.0663,loom
0.0664,bear
0.0664,loiter
0.0664,decrease
0.0665,flare
0.0665,slop
0.0665,exist
0.0665,stroll
0.0666,scramble
0.0666,tumble
0.0666,mutilate
0.0667,gaze
0.0667,foster
0.0668,crash
0.0668,quarry
0.0668,concede
0.0668,direct
0.0668,trap
0.0669,flatten
0.0669,come
0.0669,shield
0.067,shade
0.067,retrieve
0.067,mock
0.067,manufacture
0.067,gamble
0.067,key
0.067,admire
0.0671,insure
0.0671,address
0.0671,shift
0.0671,chop
0.0671,skin
0.0671,destroy
0.0672,favor
0.0672,measure
0.0672,cast
0.0673,overlook
0.0673,time
0.0673,burden
0.0674,waste
0.0674,contain
0.0674,rat
0.0674,compliment
0.0674,plan
0.0674,perpetuate
0.0674,endorse
0.0674,teach
0.0675,verify
0.0675,abolish
0.0675,auction
0.0675,sell
0.0676,suspect
0.0676,shock
0.0676,kill
0.0677,speculate
0.0677,cripple
0.0678,plat
0.0679,request
0.0679,deepen
0.068,vault
0.068,bridge
0.0681,cry
0.0682,believe
0.0682,repudiate
0.0682,gentle
0.0682,vary
0.0682,complete
0.0682,flush
0.0683,participate
0.0683,horn
0.0683,rain
0.0683,order
0.0683,bottle
0.0684,charge
0.0684,sole
0.0684,convert
0.0684,coach
0.0685,excavate
0.0685,crest
0.0686,clap
0.0686,deal
0.0686,harden
0.0686,cannon
0.0686,maintain
0.0687,stir
0.0687,act
0.0688,announce
0.0688,fashion
0.0688,suggest
0.0688,bring
0.0689,advance
0.0689,close
0.0689,marshal
0.0689,applaud
0.0689,lamb
0.069,spell
0.069,alternate
0.069,reason
0.069,purpose
0.0691,regret
0.0691,age
0.0691,map
0.0692,coordinate
0.0692,hawk
0.0692,guide
0.0692,saddle
0.0693,inform
0.0693,give
0.0693,award
0.0693,pay
0.0693,update
0.0694,entrance
0.0694,trademark
0.0694,carve
0.0694,idle
0.0694,perform
0.0694,presume
0.0694,substitute
0.0695,fancy
0.0695,represent
0.0695,read
0.0695,like
0.0695,afford
0.0695,tax
0.0695,slat
0.0696,blind
0.0696,pink
0.0696,lapse
0.0696,mean
0.0697,hurl
0.0697,spread
0.0699,damp
0.0699,leave
0.0699,worst
0.0699,navigate
0.0699,release
0.07,book
0.07,ring
0.07,distress
0.07,prepare
0.07,star
0.07,answer
0.07,bet
0.07,form
0.07,tuck
0.0701,roll
0.0701,peer
0.0701,spare
0.0701,stalk
0.0701,flag
0.0701,linger
0.0702,call
0.0702,stipulate
0.0702,bend
0.0702,keep
0.0702,bird
0.0702,train
0.0703,anticipate
0.0703,pick
0.0703,cause
0.0703,channel
0.0704,lead
0.0704,license
0.0704,survive
0.0704,chance
0.0704,hay
0.0704,meet
0.0705,lodge
0.0706,lose
0.0706,ignore
0.0706,elaborate
0.0707,enter
0.0707,complicate
0.0707,shrink
0.0707,incorporate
0.0708,sex
0.0708,enjoy
0.0708,contemplate
0.0709,envy
0.071,troop
0.071,premise
0.0711,gather
0.0711,hound
0.0711,prey
0.0712,garden
0.0712,dig
0.0712,fare
0.0712,beach
0.0712,poll
0.0713,tame
0.0713,clash
0.0713,rejoin
0.0713,anger
0.0713,shove
0.0713,state
0.0714,become
0.0715,impress
0.0715,mantle
0.0716,stoop
0.0716,tune
0.0716,steamer
0.0716,feel
0.0717,pal
0.0717,refund
0.0717,well
0.0718,wring
0.0718,revert
0.0718,speak
0.0719,crumble
0.0719,reassure
0.0719,cleanse
0.072,contest
0.0721,stud
0.0721,conflict
0.0722,evacuate
0.0722,will
0.0723,hunt
0.0723,insert
0.0723,strangle
0.0723,harvest
0.0724,stay
0.0724,gate
0.0724,steal
0.0724,scan
0.0725,fuse
0.0725,peruse
0.0725,handwrite
0.0725,sin
0.0726,impede
0.0726,learn
0.0726,capture
0.0726,let
0.0726,commit
0.0726,devil
0.0726,disband
0.0726,build
0.0727,discard
0.0727,shell
0.0728,enlist
0.0728,share
0.0728,copper
0.0728,attend
0.0728,save
0.0729,rave
0.0729,glance
0.0729,splash
0.0729,petition
0.073,restore
0.073,stem
0.073,overrule
0.073,grin
0.073,benefit
0.0731,sting
0.0731,foul
0.0731,hedge
0.0732,score
0.0732,mark
0.0733,crackle
0.0733,hire
0.0734,occur
0.0734,reel
0.0735,emigrate
0.0735,vacate
0.0735,tramp
0.0735,shed
0.0735,murder
0.0736,explain
0.0736,forge
0.0736,determine
0.0737,subordinate
0.0737,brim
0.0737,ferry
0.0737,deposit
0.0738,irrigate
0.0738,date
0.0738,career
0.0738,surrender
0.0738,discount
0.0738,accept
0.0739,pace
0.074,imitate
0.074,earth
0.0741,ping
0.0742,pass
0.0742,fuel
0.0742,ascend
0.0743,accelerate
0.0743,wax
0.0743,premier
0.0743,gain
0.0743,pave
0.0743,obscure
0.0743,evaporate
0.0744,welcome
0.0744,claim
0.0744,chap
0.0745,flutter
0.0745,transfer
0.0745,blockade
0.0745,seek
0.0746,earn
0.0747,tour
0.0747,spring
0.0748,burn
0.0748,confederate
0.0748,replace
0.0749,shorten
0.0749,explore
0.0749,sympathize
0.0749,snatch
0.0749,weave
0.075,sip
0.075,thank
0.075,bob
0.075,hiss
0.0751,grope
0.0751,lecture
0.0751,nestle
0.0751,recognize
0.0751,shout
0.0752,stoke
0.0753,urge
0.0753,abstain
0.0753,spin
0.0754,sharpen
0.0754,alienate
0.0754,rally
0.0754,win
0.0754,overshadow
0.0755,habit
0.0756,cross
0.0756,crush
0.0756,rival
0.0756,clothe
0.0756,calculate
0.0756,rush
0.0757,ditto
0.0757,eagle
0.0758,intensify
0.0758,find
0.0758,decline
0.0759,drift
0.0759,liberate
0.076,characterize
0.0761,wrinkle
0.0761,threaten
0.0761,ruffle
0.0762,receive
0.0762,intercept
0.0762,injure
0.0762,draft
0.0762,love
0.0763,interest
0.0763,associate
0.0763,blend
0.0763,moderate
0.0763,compare
0.0764,blood
0.0764,stress
0.0764,dart
0.0765,dazzle
0.0766,preserve
0.0766,gag
0.0766,strand
0.0766,supply
0.0767,reveal
0.0767,bruise
0.0767,awe
0.0768,convene
0.0768,delegate
0.0768,totter
0.0769,downgrade
0.0769,indict
0.0769,cultivate
0.077,dance
0.077,sober
0.0771,farm
0.0771,emancipate
0.0772,name
0.0772,flee
0.0772,emerge
0.0773,bush
0.0773,perch
0.0773,hollow
0.0773,educate
0.0773,graduate
0.0773,enslave
0.0773,feast
0.0774,mine
0.0774,smuggle
0.0774,emanate
0.0774,worship
0.0775,mingle
0.0775,escape
0.0775,patronize
0.0776,harass
0.0776,disappoint
0.0776,attack
0.0777,gore
0.0777,retire
0.0777,tat
0.0778,fort
0.0778,flow
0.0778,rub
0.0778,reside
0.0779,concern
0.0779,dip
0.0779,scar
0.078,crow
0.0781,scream
0.0781,master
0.0783,transform
0.0783,tend
0.0783,cling
0.0783,verge
0.0783,arrive
0.0784,eject
0.0785,toll
0.0785,encourage
0.0785,greet
0.0785,scotch
0.0785,disapprove
0.0786,minister
0.0787,saturate
0.0787,collect
0.0787,sentence
0.0787,stab
0.0788,pearl
0.0788,evolve
0.0789,thatch
0.079,echo
0.079,spend
0.079,thrill
0.079,observe
0.079,die
0.0791,brighten
0.0792,last
0.0792,recess
0.0792,reappear
0.0792,neighbor
0.0793,sadden
0.0795,invent
0.0795,church
0.0795,coin
0.0795,flap
0.0795,remind
0.0795,alarm
0.0796,stagger
0.0796,march
0.0797,shame
0.0797,predominate
0.0798,discontent
0.0798,feed
0.0799,obtain
0.0799,study
0.0799,reef
0.0799,tan
0.0799,ransom
0.0799,equal
0.08,grow
0.08,overturn
0.08,overthrow
0.0801,alight
0.0801,spike
0.0801,reserve
0.0801,live
0.0801,dam
0.0801,bristle
0.0801,bell
0.0802,salt
0.0802,agitate
0.0803,combine
0.0803,impeach
0.0804,mangle
0.0804,fowl
0.0804,sicken
0.0805,poise
0.0806,desert
0.0806,follow
0.0806,transmit
0.0806,rustle
0.0807,attract
0.0808,reek
0.0808,jar
0.0808,debate
0.0808,slash
0.0809,satisfy
0.0809,pound
0.0809,revoke
0.0811,wake
0.0811,stone
0.0811,dawn
0.0811,detect
0.0811,usher
0.0812,stream
0.0812,reinforce
0.0812,survey
0.0813,condition
0.0813,host
0.0814,coil
0.0814,polish
0.0814,cruise
0.0814,port
0.0815,bellow
0.0815,borrow
0.0815,escort
0.0815,extinguish
0.0816,revel
0.0816,blast
0.0817,addict
0.0817,wonder
0.0817,frank
0.0818,enable
0.0818,prostrate
0.0818,tender
0.0818,resist
0.0819,visit
0.0819,brief
0.0819,grumble
0.0819,deter
0.082,impoverish
0.082,report
0.082,embody
0.0821,multiply
0.0821,japan
0.0822,generate
0.0823,disperse
0.0823,belong
0.0824,stumble
0.0825,spirit
0.0826,eclipse
0.0826,witness
0.0826,think
0.0826,reprint
0.0826,hate
0.0826,author
0.0828,abuse
0.0828,bolt
0.083,culminate
0.083,fund
0.083,discipline
0.083,knight
0.083,patent
0.0831,justify
0.0831,punish
0.0831,limp
0.0832,molest
0.0832,relieve
0.0833,furrow
0.0833,enact
0.0833,queen
0.0834,marvel
0.0834,venture
0.0834,submit
0.0834,dine
0.0835,propose
0.0835,subject
0.0835,excuse
0.0835,wave
0.0836,subscribe
0.0836,shatter
0.0836,dispatch
0.0836,stimulate
0.0837,curl
0.0837,dun
0.0837,reclaim
0.0837,sequester
0.0839,delight
0.0839,ache
0.0839,gin
0.0839,invite
0.084,join
0.084,edit
0.084,oust
0.0841,pollute
0.0841,pale
0.0841,salute
0.0841,sob
0.0841,wan
0.0841,preach
0.0842,refresh
0.0842,fascinate
0.0842,tin
0.0843,terrify
0.0843,send
0.0844,underlie
0.0844,stroke
0.0844,tide
0.0844,war
0.0844,crown
0.0845,snake
0.0845,expand
0.0845,fear
0.0845,soothe
0.0845,define
0.0846,proceed
0.0846,sing
0.0846,cost
0.0846,approve
0.0846,illuminate
0.0846,torture
0.0847,acknowledge
0.0847,acquire
0.0847,acquit
0.0847,predict
0.0848,garrison
0.0849,stifle
0.0849,fade
0.0849,certify
0.0849,canton
0.085,frown
0.085,congratulate
0.085,copy
0.085,postpone
0.0851,honor
0.0851,lag
0.0851,char
0.0852,traverse
0.0852,recover
0.0852,shriek
0.0853,wine
0.0853,export
0.0853,retard
0.0854,sigh
0.0854,inherit
0.0854,moonlight
0.0854,burst
0.0854,shelve
0.0855,fling
0.0855,overtake
0.0855,ram
0.0856,pursue
0.0856,gallop
0.0856,graze
0.0857,expense
0.0857,contract
0.0858,fox
0.0858,interrupt
0.0858,clamber
0.0859,faint
0.0859,annoy
0.0859,strike
0.0859,hesitate
0.086,wish
0.086,page
0.086,glitter
0.086,administer
0.0861,harm
0.0861,credit
0.0862,wilt
0.0862,restrain
0.0862,miss
0.0862,bloom
0.0862,phrase
0.0863,powder
0.0863,animate
0.0864,slip
0.0864,fold
0.0864,chill
0.0864,ply
0.0864,commemorate
0.0864,gild
0.0865,pirate
0.0865,hem
0.0866,invade
0.0866,blaze
0.0867,price
0.0867,waver
0.0868,braid
0.0869,consider
0.0869,wive
0.0869,endanger
0.0869,corroborate
0.0869,castle
0.087,yield
0.087,verse
0.087,magnify
0.087,bolster
0.0871,kiss
0.0871,count
0.0871,command
0.0872,adopt
0.0872,allege
0.0873,commission
0.0873,weigh
0.0873,narrate
0.0873,embroider
0.0874,extract
0.0875,ejaculate
0.0875,clench
0.0875,sustain
0.0875,shuffle
0.0876,heal
0.0877,stag
0.0877,vent
0.0877,unite
0.0877,peep
0.0878,bustle
0.0879,refer
0.0879,recall
0.088,comment
0.088,authorize
0.0881,conduct
0.0881,attest
0.0881,rivet
0.0881,envelop
0.0882,penetrate
0.0882,signify
0.0882,whirl
0.0883,overcome
0.0884,swallow
0.0885,tone
0.0885,thunder
0.0885,trust
0.0885,rag
0.0886,startle
0.0887,cloud
0.0887,ebb
0.0888,brew
0.0889,exploit
0.0889,convict
0.089,establish
0.089,ally
0.0891,transpire
0.0891,flood
0.0891,taper
0.0892,violate
0.0892,assign
0.0893,remember
0.0893,sow
0.0893,strengthen
0.0893,accrue
0.0894,bound
0.0894,illustrate
0.0894,pioneer
0.0895,dissent
0.0895,mother
0.0895,reform
0.0896,discover
0.0896,imprison
0.0896,translate
0.0896,persevere
0.0897,project
0.0897,flock
0.0897,entitle
0.0897,shiver
0.0898,delay
0.0898,surpass
0.0898,refrain
0.0898,kidnap
0.0898,demand
0.0898,tear
0.0899,conceal
0.0899,compass
0.09,curse
0.09,revise
0.09,rebel
0.09,flicker
0.09,cough
0.0901,thrust
0.0901,whip
0.0901,value
0.0901,amuse
0.0901,drench
0.0901,decay
0.0901,originate
0.0901,avert
0.0902,alter
0.0902,rise
0.0903,append
0.0903,fathom
0.0903,amend
0.0903,dare
0.0903,hail
0.0904,rename
0.0904,trip
0.0905,melt
0.0906,menace
0.0907,necessitate
0.0907,undulate
0.0907,moon
0.0908,stratify
0.0908,wail
0.0908,bury
0.0909,tease
0.0909,cancel
0.091,dilute
0.091,skim
0.0911,fail
0.0911,discourage
0.0912,throne
0.0913,beg
0.0915,account
0.0915,howl
0.0915,adjoin
0.0915,unfold
0.0916,heap
0.0916,stain
0.0916,oppress
0.0917,shanghai
0.0918,glide
0.0918,scribe
0.0918,laud
0.0919,mistake
0.0919,sneer
0.0919,swear
0.0919,scatter
0.092,glory
0.092,banish
0.092,constitute
0.092,harry
0.0921,din
0.0921,suppress
0.0922,entice
0.0922,muffle
0.0923,accede
0.0924,abstract
0.0924,hum
0.0924,blight
0.0925,compile
0.0925,wreathe
0.0925,expect
0.0925,prowl
0.0925,err
0.0925,ding
0.0926,cram
0.0927,endeavor
0.0927,shroud
0.0928,frighten
0.0928,excel
0.0928,pry
0.0929,fortify
0.0929,pour
0.093,depart
0.0931,sever
0.0931,engrave
0.0931,retreat
0.0932,regiment
0.0932,prosecute
0.0933,convey
0.0933,falter
0.0933,remainder
0.0933,stave
0.0934,persecute
0.0934,deny
0.0935,recruit
0.0935,wag
0.0935,sacrifice
0.0936,convulse
0.0936,extend
0.0936,devolve
0.0936,rout
0.0937,insinuate
0.0937,drown
0.0937,oblige
0.0939,clatter
0.0939,flog
0.094,impel
0.094,insist
0.0941,praise
0.0941,swamp
0.0941,seduce
0.0941,purify
0.0941,till
0.0941,rule
0.0941,defile
0.0942,yawn
0.0942,pronounce
0.0942,charm
0.0942,impair
0.0943,deform
0.0943,adjourn
0.0944,peg
0.0944,espouse
0.0944,concur
0.0944,ray
0.0944,precipitate
0.0945,savage
0.0945,bribe
0.0945,chamber
0.0945,dignify
0.0945,devote
0.0946,reward
0.0946,writhe
0.0947,besiege
0.0947,elect
0.0947,intoxicate
0.0947,tread
0.0948,tint
0.0948,marry
0.0949,moor
0.0949,dream
0.0949,diversify
0.0949,suppose
0.0949,defray
0.0949,quiver
0.0949,hush
0.095,rage
0.095,resolve
0.095,recommend
0.095,adapt
0.0951,brigade
0.0951,behave
0.0951,pierce
0.0952,encircle
0.0952,widen
0.0952,frequent
0.0952,succeed
0.0953,tack
0.0953,storm
0.0953,desire
0.0954,ordain
0.0954,celebrate
0.0954,thwart
0.0955,infect
0.0955,distrust
0.0956,execute
0.0956,obstruct
0.0956,relapse
0.0956,disturb
0.0956,frost
0.0957,brood
0.0957,blush
0.0957,wrest
0.0958,lengthen
0.0958,creep
0.0959,pray
0.0959,prick
0.0959,differ
0.0959,disclose
0.0959,spoil
0.096,obliterate
0.096,redeem
0.0961,enrich
0.0961,surge
0.0962,repent
0.0962,imagine
0.0962,inflict
0.0963,poison
0.0963,sail
0.0963,assay
0.0963,introduce
0.0963,absent
0.0964,adhere
0.0965,distinguish
0.0965,instruct
0.0965,seclude
0.0966,chafe
0.0966,deserve
0.0966,dismay
0.0966,disorder
0.0966,revolve
0.0967,quote
0.0967,despair
0.0967,anchor
0.0968,corrupt
0.0968,spark
0.0969,quell
0.0969,proclaim
0.097,utter
0.097,flit
0.097,denote
0.097,quench
0.0971,mourn
0.0971,fasten
0.0971,redouble
0.0971,soar
0.0972,enchant
0.0972,bless
0.0972,guess
0.0972,plunder
0.0973,cock
0.0973,drip
0.0973,intrigue
0.0974,expel
0.0974,feign
0.0974,deprecate
0.0974,chronicle
0.0976,solicit
0.0976,surmise
0.0977,droop
0.0978,overpower
0.0979,privilege
0.0979,dilate
0.0979,assail
0.098,summon
0.098,weaken
0.098,behold
0.0981,affect
0.0981,dictate
0.0981,unveil
0.0981,rejoice
0.0981,trot
0.0982,regulate
0.0982,vex
0.0982,humble
0.0982,levy
0.0983,return
0.0983,muster
0.0983,divine
0.0983,ascertain
0.0984,repress
0.0984,depose
0.0984,repeat
0.0984,indent
0.0984,estimate
0.0985,induce
0.0985,prejudice
0.0985,recite
0.0985,remain
0.0986,afflict
0.0986,rank
0.0986,incur
0.0986,lavish
0.0987,invoke
0.0987,influence
0.0987,embattle
0.0988,sparkle
0.0988,bereave
0.0988,heed
0.0988,engender
0.0988,allude
0.0988,welsh
0.0988,elude
0.0989,recount
0.0989,suffice
0.0989,forfeit
0.099,tremble
0.099,plunge
0.099,deduce
0.099,revenge
0.099,confer
0.099,ridicule
0.0991,depend
0.0991,arouse
0.0991,enforce
0.0991,appoint
0.0991,condense
0.0991,enclose
0.0991,impart
0.0991,descry
0.0992,scheme
0.0992,forbid
0.0993,throb
0.0993,mislead
0.0993,entangle
0.0993,overwhelm
0.0993,annex
0.0993,restructure
0.0994,massacre
0.0994,infuse
0.0994,term
0.0994,scorch
0.0994,smelt
0.0994,usurp
0.0994,blame
0.0994,subside
0.0995,languish
0.0995,retort
0.0995,profit
0.0995,extricate
0.0995,augment
0.0995,consign
0.0996,bleed
0.0996,assassinate
0.0996,nominate
0.0996,elapse
0.0997,devour
0.0997,torment
0.0997,sanction
0.0997,reconcile
0.0997,enhance
0.0998,baffle
0.0998,lull
0.0998,impend
0.0998,compel
0.0998,dishearten
0.0998,bid
0.0998,remonstrate
0.0998,acquaint
0.0998,abate
0.0999,dedicate
0.0999,furnish
0.0999,yoke
0.0999,withhold
0.0999,grudge
0.0999,apprehend
0.1,doom
0.1,consist
0.1,civilize
0.1,reign
0.1,covet
0.1,decree
0.1,interpret
0.1,increase
0.1001,compose
0.1001,gleam
0.1001,divert
0.1001,roar
0.1001,pardon
0.1001,captain
0.1001,ennoble
0.1001,fend
0.1002,dissolve
0.1002,peal
0.1002,dissipate
0.1002,quicken
0.1002,abridge
0.1002,bewilder
0.1002,plead
0.1002,ripen
0.1003,expose
0.1003,sojourn
0.1003,vein
0.1003,exterminate
0.1004,conspire
0.1004,intrude
0.1004,pinch
0.1004,supplant
0.1004,chime
0.1004,tempt
0.1004,embark
0.1004,waft
0.1004,spear
0.1005,adore
0.1005,forget
0.1005,repose
0.1005,dismiss
0.1005,contend
0.1005,resign
0.1005,mention
0.1005,mortify
0.1005,consecrate
0.1005,refine
0.1006,vindicate
0.1006,swell
0.1006,confide
0.1006,variegate
0.1006,groan
0.1006,flesh
0.1007,reap
0.1007,abound
0.1007,depute
0.1007,throng
0.1007,resound
0.1007,recur
0.1007,voyage
0.1007,preside
0.1007,gratify
0.1008,seize
0.1008,dispose
0.1008,diminish
0.1008,elate
0.1008,murmur
0.1008,quarrel
0.1008,rend
0.1008,strew
0.1008,perpetrate
0.1008,accord
0.1008,enjoin
0.1008,reproach
0.1008,mitigate
0.1009,bosom
0.1009,deem
0.1009,tenant
0.1009,declare
0.1009,martyr
0.1009,contradict
0.1009,tarry
0.101,owe
0.101,publish
0.101,overrun
0.101,fin
0.101,promise
0.101,precede
0.101,exclaim
0.101,woo
0.101,regard
0.101,impute
0.101,reckon
0.1011,bargain
0.1011,charter
0.1011,grieve
0.1011,betray
0.1011,strive
0.1011,prolong
0.1011,lord
0.1012,commend
0.1012,vanish
0.1012,smite
0.1012,seethe
0.1013,gall
0.1013,transact
0.1013,defy
0.1013,dwell
0.1013,undergo
0.1013,excite
0.1013,bang
0.1013,condemn
0.1013,nod
0.1014,proportion
0.1014,assent
0.1014,manifest
0.1014,undertake
0.1014,diffuse
0.1014,digest
0.1014,perplex
0.1014,doubt
0.1014,skirmish
0.1014,hew
0.1014,deceive
0.1014,forbear
0.1014,govern
0.1014,prospect
0.1014,obey
0.1015,revolt
0.1015,seel
0.1015,nourish
0.1015,discharge
0.1015,heighten
0.1015,inflame
0.1015,shun
0.1015,ail
0.1015,spur
0.1015,forecast
0.1016,lament
0.1016,exceed
0.1016,exult
0.1016,affirm
0.1016,inscribe
0.1016,perceive
0.1016,soften
0.1016,admit
0.1016,enliven
0.1016,discourse
0.1016,revive
0.1017,meddle
0.1017,render
0.1017,exalt
0.1017,procure
0.1017,confine
0.1017,pledge
0.1017,strain
0.1017,assert
0.1017,conclude
0.1018,situate
0.1018,prevail
0.1018,dispense
0.1018,derive
0.1018,retain
0.1018,darken
0.1018,stow
0.1018,boast
0.1018,enlighten
0.1018,bestow
0.1019,hint
0.1019,cleave
0.1019,blot
0.1019,extort
0.1019,arise
0.1019,reject
0.102,avow
0.102,interpose
0.102,ting
0.102,efface
0.102,beget
0.1021,sup
0.1021,entrust
0.1021,conquer
0.1021,destine
0.1021,flatter
0.1021,depress
0.1021,exert
0.1021,profess
0.1021,berth
0.1021,surmount
0.1022,blacken
0.1022,par
0.1022,rein
0.1022,resent
0.1022,sear
0.1022,betroth
0.1022,heave
0.1023,infest
0.1023,deplore
0.1023,adduce
0.1023,dilapidate
0.1023,redden
0.1024,propagate
0.1024,recede
0.1024,temper
0.1024,teem
0.1024,mar
0.1025,enlarge
0.1025,plot
0.1025,trample
0.1025,scruple
0.1025,subjoin
0.1025,rhyme
0.1025,affix
0.1025,haunt
0.1025,prompt
0.1025,bequeath
0.1026,promulgate
0.1026,contribute
0.1026,seed
0.1026,inculcate
0.1026,befall
0.1026,neglect
0.1028,migrate
0.1028,coincide
0.1029,shipwreck
0.103,incite
0.103,bind
0.1031,wend
0.1031,trace
0.1031,widow
0.1031,boil
0.1032,exemplify
0.1032,relate
0.1032,divide
0.1032,indulge
0.1033,hope
0.1033,vow
0.1033,debase
0.1034,daunt
0.1034,intersperse
0.1034,forgive
0.1034,enumerate
0.1035,thrive
0.1035,slacken
0.1035,delineate
0.1036,deface
0.1036,condescend
0.1036,beset
0.1036,mend
0.1036,grant
0.1037,displease
0.1039,invest
0.1039,inspire
0.1039,deprive
0.1039,endear
0.1039,devise
0.1039,divest
0.1039,baptize
0.1039,lend
0.104,abhor
0.104,crave
0.104,endow
0.104,inaugurate
0.104,anoint
0.104,refinance
0.1041,lash
0.1042,exempt
0.1042,appeal
0.1042,encroach
0.1043,lave
0.1043,bespeak
0.1044,halt
0.1044,testify
0.1044,conform
0.1044,whisper
0.1044,preclude
0.1046,scourge
0.1046,bore
0.1047,effect
0.1048,provoke
0.1049,confess
0.105,comply
0.105,cheat
0.1051,assure
0.1052,persist
0.1052,scend
0.1054,squire
0.1055,whiten
0.1056,befit
0.1056,lurk
0.1056,beckon
0.1056,pluck
0.1057,persuade
0.1057,imply
0.1058,dissatisfy
0.1059,denounce
0.106,advise
0.1064,prove
0.1065,slave
0.1066,inhabit
0.1067,suffer
0.1069,conceive
0.1071,awaken
0.1072,scour
0.1072,amaze
0.1073,fool
0.1074,intend
0.1075,confirm
0.1076,caress
0.1076,remit
0.1077,emit
0.108,wink
0.1083,circulate
0.1083,suspend
0.1087,correspond
0.109,settle
0.1091,agree
0.1094,dwindle
0.1103,accuse
0.1105,twinkle
0.1106,import
0.1109,imbibe
0.1113,uncover
0.1114,ripple
0.112,accurse
0.1122,spy
0.1125,parch
0.1127,yearn
0.1127,impregnate
0.1139,shudder
0.1141,chant
0.1175,pervert
