-0.034,empty
-0.0302,disagree
-0.0234,bare
-0.019,sink
-0.0183,obliterate
-0.0128,expand
-0.0107,endow
-0.009,lower
-0.008,frown
-0.0073,ignore
-0.0062,buoy
-0.0046,dim
-0.0044,insert
-0.0041,stop
-0.0033,size
-0.0025,point
-0.0017,dislike
-0.0011,spot
-0.0006,bottom
-0.0005,hate
0.0009,figure
0.0011,pile
0.0017,envelop
0.0018,enrage
0.0018,sob
0.0018,hamper
0.0024,emanate
0.0024,understand
0.0029,cling
0.0032,affix
0.0033,base
0.0039,divert
0.0041,steamer
0.0046,stock
0.0046,resent
0.0048,discard
0.0052,page
0.006,repudiate
0.0062,side
0.0063,tile
0.0073,haunt
0.0075,worsen
0.008,rack
0.0085,flatten
0.0087,rivet
0.0099,stall
0.01,dull
0.0101,contradict
0.0102,offer
0.0108,hint
0.0118,remainder
0.0119,tighten
0.012,discontinue
0.0122,explain
0.0123,widen
0.0124,favor
0.0124,submit
0.0125,dry
0.0129,agitate
0.0133,stain
0.0135,deform
0.0135,check
0.0136,step
0.0136,strangle
0.0137,exert
0.0138,close
0.0142,disapprove
0.0143,view
0.0143,grate
0.0146,leave
0.0148,compare
0.0149,oblige
0.0149,attach
0.0152,erase
0.0153,retard
0.0159,betroth
0.016,irritate
0.016,isolate
0.0161,retail
0.0161,taper
0.0161,refine
0.0166,allow
0.0167,adhere
0.0168,down
0.0169,deck
0.0169,structure
0.017,presume
0.0171,settle
0.0172,argue
0.0173,suffocate
0.0174,burn
0.0175,degrade
0.0176,creep
0.0176,accommodate
0.0177,lift
0.0179,suck
0.0181,recede
0.0181,store
0.0181,wrong
0.0182,bubble
0.0185,elaborate
0.0186,hover
0.0187,decline
0.0188,incline
0.0188,limp
0.0189,hug
0.0191,refresh
0.0191,give
0.0191,depress
0.0192,rest
0.0194,brigade
0.0196,succumb
0.0196,squeeze
0.0196,detach
0.0197,foam
0.0198,starve
0.0198,describe
0.0199,deter
0.02,accept
0.0203,seal
0.0203,devastate
0.0205,advantage
0.0205,corner
0.0206,reopen
0.0207,yawn
0.0207,screw
0.0207,displace
0.0208,accrue
0.0208,gravel
0.021,deface
0.021,park
0.0212,persecute
0.0213,rid
0.0214,suffice
0.0215,deepen
0.0215,dilapidate
0.0217,melt
0.022,soften
0.0223,narrow
0.0224,confront
0.0225,post
0.0225,dam
0.0228,allege
0.0232,look
0.0233,refuse
0.0233,progress
0.0234,embrace
0.0235,solicit
0.0235,need
0.0235,let
0.0235,condense
0.0235,disable
0.0236,overpower
0.0236,confuse
0.0236,overflow
0.0237,rage
0.0237,impoverish
0.0238,devour
0.0239,strew
0.024,distinguish
0.024,demolish
0.0241,put
0.0241,inherit
0.0242,patronize
0.0242,exchange
0.0242,clear
0.0243,loosen
0.0244,thread
0.0244,start
0.0244,enlighten
0.0244,indent
0.0245,retort
0.0245,cement
0.0246,abstract
0.0246,shop
0.0246,oppress
0.0249,transact
0.0249,denote
0.0253,interfere
0.0253,restrict
0.0255,ease
0.0256,distract
0.0256,even
0.0257,assume
0.0257,drain
0.0258,bask
0.0259,block
0.0259,guess
0.026,smelt
0.0261,languish
0.0262,dismiss
0.0263,locate
0.0263,avoid
0.0264,thin
0.0264,solve
0.0268,carpet
0.0268,hang
0.0268,flush
0.0269,bequeath
0.027,brew
0.027,lay
0.027,repeat
0.0271,see
0.0271,border
0.0272,satisfy
0.0272,refund
0.0272,can
0.0274,chain
0.0274,decompose
0.0275,average
0.0276,clean
0.0276,edit
0.0276,wash
0.0277,certify
0.0278,sneer
0.0279,disengage
0.028,disperse
0.0281,preserve
0.0281,exploit
0.0284,refer
0.0284,sense
0.0284,cry
0.0284,determine
0.0285,till
0.0286,twist
0.0287,subscribe
0.0287,stay
0.0288,contain
0.029,flap
0.029,hem
0.0291,demand
0.0292,fish
0.0293,anger
0.0293,overrule
0.0294,abolish
0.0294,tolerate
0.0295,comment
0.0295,run
0.0296,cripple
0.0297,reinforce
0.0297,open
0.0298,stable
0.0298,defend
0.0299,abound
0.0299,forbid
0.0299,pant
0.03,shell
0.0301,slow
0.0301,add
0.0301,overrun
0.0301,exalt
0.0301,amount
0.0302,shatter
0.0302,enumerate
0.0303,protest
0.0303,worst
0.0303,sleep
0.0304,owe
0.0304,smother
0.0305,complicate
0.0305,revise
0.0305,seem
0.0305,number
0.0306,try
0.0306,peg
0.0306,scourge
0.0306,continue
0.0306,shun
0.0306,delineate
0.0307,pave
0.0307,ruin
0.0308,separate
0.0308,advertise
0.0308,consecrate
0.0308,fork
0.0309,absorb
0.031,fail
0.0311,collapse
0.0312,befit
0.0312,flatter
0.0312,guide
0.0312,rustle
0.0314,bow
0.0316,affirm
0.0316,interrupt
0.0318,damp
0.0318,stretch
0.0318,reprint
0.0318,advise
0.0318,flank
0.0318,equal
0.0319,fluctuate
0.0319,flag
0.0319,shiver
0.0319,complete
0.0319,hold
0.032,reap
0.032,squat
0.032,tramp
0.032,patch
0.0321,secure
0.0322,take
0.0323,counter
0.0323,exclude
0.0323,lace
0.0325,convene
0.0325,remove
0.0325,hide
0.0327,help
0.0328,condescend
0.033,underlie
0.033,puzzle
0.0331,cart
0.0331,relieve
0.0331,preach
0.0332,spare
0.0332,punish
0.0332,shove
0.0333,chafe
0.0333,ship
0.0334,enhance
0.0334,bristle
0.0336,enlarge
0.0336,debase
0.0336,break
0.0338,proof
0.0338,shelve
0.034,toll
0.034,style
0.0342,handle
0.0343,cancel
0.0344,prefer
0.0345,fill
0.0345,circle
0.0346,shore
0.0347,wander
0.0347,keep
0.0347,assign
0.0348,dissent
0.0348,sigh
0.0349,extricate
0.035,subdivide
0.035,go
0.035,bore
0.0351,tumble
0.0351,reason
0.0352,resolve
0.0352,profess
0.0353,correct
0.0353,coal
0.0355,examine
0.0355,stamp
0.0356,cleave
0.0356,boast
0.0356,tat
0.0357,acknowledge
0.0357,clench
0.0359,insinuate
0.036,fix
0.036,place
0.036,calm
0.036,cleanse
0.0361,fin
0.0361,smite
0.0362,dishearten
0.0362,exclaim
0.0362,tender
0.0362,cat
0.0363,stratify
0.0363,nail
0.0363,trickle
0.0364,grope
0.0364,indicate
0.0364,gaze
0.0365,undergo
0.0365,reinstate
0.0366,invoke
0.0367,concede
0.0369,mud
0.0369,deceive
0.037,incur
0.0371,obey
0.0372,enforce
0.0372,perceive
0.0374,reserve
0.0374,acquit
0.0375,bay
0.0375,mention
0.0377,row
0.0377,reduce
0.0377,throw
0.0377,absent
0.0377,char
0.0378,harass
0.0378,fathom
0.0378,find
0.0378,feign
0.0378,plaster
0.0378,mean
0.038,warehouse
0.038,cook
0.0381,answer
0.0381,yoke
0.0381,sustain
0.0382,irrigate
0.0382,finish
0.0382,loom
0.0382,wipe
0.0383,heap
0.0383,verify
0.0383,inscribe
0.0383,wring
0.0383,waft
0.0384,alternate
0.0384,push
0.0384,permit
0.0385,sup
0.0385,sip
0.0385,enclose
0.0385,bustle
0.0386,groan
0.0387,consolidate
0.0387,shriek
0.0387,fell
0.0388,recall
0.0388,upset
0.0389,abandon
0.0389,alienate
0.0389,compound
0.0389,explode
0.039,use
0.039,comply
0.0391,mature
0.0391,lengthen
0.0391,fry
0.0391,characterize
0.0392,shallow
0.0392,flame
0.0392,empower
0.0393,usurp
0.0393,rail
0.0394,alight
0.0394,angle
0.0394,evaporate
0.0395,confirm
0.0395,substitute
0.0396,question
0.0396,rat
0.0396,manifest
0.0396,relate
0.0396,inhabit
0.0396,lie
0.0396,subside
0.0397,shill
0.0397,impart
0.0398,value
0.0398,hood
0.0398,establish
0.0398,pertain
0.0399,inform
0.0399,dignify
0.04,interpose
0.04,request
0.04,shift
0.04,square
0.0401,rejoice
0.0401,freeze
0.0402,withdraw
0.0402,fortify
0.0402,precipitate
0.0402,divide
0.0403,scale
0.0403,rename
0.0403,mine
0.0403,pardon
0.0404,involve
0.0404,mislead
0.0404,flood
0.0405,sit
0.0405,hole
0.0405,elude
0.0406,downgrade
0.0406,bless
0.0406,deem
0.0407,back
0.0407,educate
0.0407,navigate
0.0408,provide
0.0408,manufacture
0.0409,abhor
0.0409,climb
0.0409,modify
0.0409,vent
0.0409,rend
0.0409,ripen
0.0409,grumble
0.041,propose
0.041,arch
0.041,seel
0.041,strengthen
0.041,decay
0.041,slat
0.0411,dot
0.0411,reside
0.0411,struggle
0.0411,trim
0.0412,ail
0.0412,nominate
0.0412,originate
0.0413,convey
0.0413,delegate
0.0413,exempt
0.0414,overhang
0.0414,contribute
0.0414,condemn
0.0415,seize
0.0415,double
0.0415,nourish
0.0415,designate
0.0416,signify
0.0417,publish
0.0417,box
0.0417,dedicate
0.0418,dismay
0.0418,wrap
0.0418,regulate
0.0419,land
0.0419,pose
0.0419,pause
0.0419,summon
0.0419,postpone
0.0419,interpret
0.042,classify
0.0421,dissipate
0.0421,walk
0.0421,task
0.0421,brace
0.0421,constitute
0.0422,line
0.0422,blight
0.0422,smile
0.0422,plead
0.0422,shrug
0.0422,devolve
0.0423,avow
0.0424,swell
0.0424,abstain
0.0424,pump
0.0424,remind
0.0424,mutilate
0.0424,destroy
0.0424,spoil
0.0425,tow
0.0425,model
0.0426,beam
0.0426,rebuild
0.0426,suppress
0.0426,recommend
0.0426,foul
0.0426,chill
0.0426,authorize
0.0427,lighten
0.0427,ridicule
0.0427,admit
0.0428,accelerate
0.0428,depend
0.0428,term
0.0428,pull
0.0428,end
0.0428,suspend
0.0429,fear
0.0429,bestow
0.0429,scan
0.043,bin
0.043,assent
0.043,specify
0.0431,set
0.0431,promulgate
0.0431,dwell
0.0431,fight
0.0432,fuse
0.0432,endeavor
0.0432,sympathize
0.0432,declare
0.0432,ascertain
0.0432,discourse
0.0433,dun
0.0433,slump
0.0433,discharge
0.0433,shower
0.0433,lock
0.0433,boom
0.0434,frame
0.0434,get
0.0434,partake
0.0434,sicken
0.0434,rush
0.0435,shake
0.0435,perch
0.0435,encourage
0.0435,shorten
0.0435,discourage
0.0435,arise
0.0435,compliment
0.0435,bud
0.0435,lend
0.0435,assail
0.0435,decree
0.0436,corrupt
0.0436,situate
0.0436,amend
0.0436,drip
0.0436,fit
0.0436,provoke
0.0437,utter
0.0437,correspond
0.0437,torment
0.0437,extort
0.0437,temper
0.0438,stick
0.0438,come
0.0438,breeze
0.0439,adjourn
0.0439,choke
0.0439,cluster
0.0439,shade
0.044,bar
0.044,grow
0.044,revoke
0.044,cover
0.0441,saturate
0.0441,enable
0.0441,multiply
0.0441,burden
0.0441,bed
0.0442,demonstrate
0.0442,message
0.0442,hurt
0.0443,dispose
0.0443,swamp
0.0443,evade
0.0443,sour
0.0443,breast
0.0444,refrain
0.0444,blockade
0.0444,pool
0.0445,entrust
0.0445,better
0.0445,exult
0.0445,relapse
0.0446,violate
0.0446,disorder
0.0446,exhibit
0.0446,tuck
0.0447,stifle
0.0447,read
0.0447,abridge
0.0447,list
0.0448,seek
0.0448,translate
0.0449,offset
0.0449,perfect
0.0449,conclude
0.045,dissatisfy
0.045,appeal
0.045,deteriorate
0.045,inaugurate
0.045,tear
0.045,reject
0.0451,pin
0.0451,coil
0.0451,grapple
0.0451,splash
0.0451,pry
0.0451,lean
0.0451,idle
0.0451,quench
0.0452,gore
0.0452,chew
0.0452,lord
0.0453,fort
0.0453,bend
0.0453,contend
0.0453,complain
0.0453,unite
0.0453,saddle
0.0453,port
0.0454,learn
0.0454,soak
0.0454,appoint
0.0454,disarm
0.0455,sanction
0.0455,administer
0.0456,propagate
0.0456,deduce
0.0456,exceed
0.0456,accord
0.0456,deny
0.0457,gather
0.0458,gall
0.0458,load
0.0458,stimulate
0.0458,shrink
0.0458,forbear
0.0458,strain
0.0459,hammer
0.0459,poll
0.0459,stand
0.0459,ban
0.0459,behold
0.0459,facilitate
0.046,dilate
0.0461,assure
0.0462,tip
0.0462,cough
0.0463,ally
0.0464,dip
0.0464,elect
0.0464,steer
0.0464,harvest
0.0465,elapse
0.0466,denounce
0.0466,frighten
0.0467,process
0.0467,profit
0.0467,lounge
0.0467,discontent
0.0467,befall
0.0467,notice
0.0468,hat
0.0468,mistake
0.0468,redden
0.0469,expose
0.0469,undertake
0.0469,fare
0.0469,reclaim
0.0469,speak
0.047,tree
0.047,show
0.047,covet
0.047,snap
0.0471,instruct
0.0471,weaken
0.0472,trample
0.0472,jar
0.0472,abuse
0.0472,approach
0.0472,grasp
0.0472,rule
0.0472,inflict
0.0472,insist
0.0473,discover
0.0473,beg
0.0473,tire
0.0473,tell
0.0474,key
0.0475,murmur
0.0475,confer
0.0475,transmit
0.0476,render
0.0476,eject
0.0476,assay
0.0476,rake
0.0476,wail
0.0477,display
0.0477,draft
0.0478,resign
0.0478,respect
0.0479,face
0.0479,quote
0.0479,import
0.048,smell
0.048,bake
0.048,float
0.048,gap
0.048,spring
0.0481,prove
0.0481,commend
0.0481,bridge
0.0482,suffer
0.0482,fold
0.0482,attest
0.0482,reflect
0.0483,combine
0.0483,chop
0.0483,consign
0.0484,illustrate
0.0484,encroach
0.0485,reek
0.0485,wake
0.0485,shoe
0.0485,inflame
0.0485,create
0.0485,write
0.0485,devote
0.0486,falter
0.0486,wend
0.0486,acquire
0.0487,middle
0.0487,anchor
0.0488,endanger
0.0488,thwart
0.0489,lead
0.0489,adapt
0.0489,brand
0.049,caress
0.049,ridge
0.049,err
0.0491,forward
0.0491,surface
0.0491,skirt
0.0491,realize
0.0491,wheel
0.0492,rejoin
0.0492,augment
0.0492,bleach
0.0493,foot
0.0494,thrash
0.0494,scatter
0.0495,condition
0.0495,heed
0.0495,debate
0.0495,reproach
0.0496,poison
0.0496,compel
0.0496,grip
0.0496,fire
0.0496,bind
0.0497,hatch
0.0497,present
0.0497,dominate
0.0497,forfeit
0.0499,magnify
0.0499,betray
0.0499,shed
0.0499,wait
0.0499,sew
0.05,afflict
0.05,remit
0.05,proceed
0.05,sight
0.0501,delight
0.0501,drill
0.0501,tarry
0.0502,talk
0.0502,crave
0.0502,lumber
0.0502,overwhelm
0.0502,nurse
0.0502,accumulate
0.0503,man
0.0503,mock
0.0503,accuse
0.0503,include
0.0503,annex
0.0504,pretend
0.0504,saw
0.0504,battle
0.0504,extend
0.0504,yellow
0.0504,impel
0.0505,forget
0.0505,surmise
0.0505,dilute
0.0506,pronounce
0.0506,ice
0.0506,glare
0.0506,rig
0.0506,vault
0.0506,glaze
0.0507,beat
0.0507,commission
0.0507,dispense
0.0507,grain
0.0507,depart
0.0507,appear
0.0507,molest
0.0507,neglect
0.0508,yell
0.0508,plat
0.0508,cock
0.0508,adjoin
0.0508,send
0.0509,entrance
0.0509,right
0.0509,compromise
0.0509,update
0.051,desert
0.051,dictate
0.051,entail
0.051,aggregate
0.051,prick
0.051,precede
0.051,stun
0.051,laugh
0.051,assert
0.051,stray
0.051,remonstrate
0.051,cave
0.051,increase
0.0511,conquer
0.0511,efface
0.0512,crumble
0.0512,persist
0.0512,flour
0.0512,piece
0.0512,switch
0.0513,shudder
0.0513,feel
0.0514,address
0.0514,stipulate
0.0515,intensify
0.0515,impede
0.0515,disappear
0.0515,impend
0.0515,pitch
0.0515,move
0.0515,beach
0.0516,conceal
0.0517,pollute
0.0517,confederate
0.0517,influence
0.0517,crop
0.0517,turn
0.0517,extinguish
0.0518,conflict
0.0518,total
0.0518,dig
0.0518,habit
0.0519,thatch
0.0519,compete
0.0519,compress
0.0519,discount
0.052,identify
0.052,reef
0.052,prolong
0.052,variegate
0.052,flee
0.052,heave
0.0521,bother
0.0521,support
0.0521,sacrifice
0.0522,thirst
0.0522,repent
0.0522,humiliate
0.0522,hoist
0.0522,felt
0.0522,balance
0.0522,stroll
0.0522,acquaint
0.0523,savage
0.0523,embody
0.0523,excel
0.0523,form
0.0523,wet
0.0523,flesh
0.0524,adopt
0.0524,divine
0.0524,skip
0.0524,defile
0.0525,baffle
0.0525,rank
0.0525,predominate
0.0525,level
0.0525,search
0.0525,indulge
0.0525,embarrass
0.0526,supplant
0.0526,baptize
0.0527,initiate
0.0528,pole
0.0529,fling
0.0529,sweep
0.0529,repair
0.0529,enrich
0.0529,congregate
0.053,please
0.053,descry
0.0531,clash
0.0531,quiver
0.0531,rhyme
0.0532,bleed
0.0532,entitle
0.0532,promise
0.0532,cotton
0.0532,enliven
0.0533,dive
0.0533,fowl
0.0533,remain
0.0534,tremble
0.0534,compile
0.0534,contract
0.0534,burst
0.0534,grin
0.0535,receive
0.0535,smooth
0.0536,wilt
0.0536,protect
0.0536,blush
0.0536,change
0.0537,bellow
0.0537,compensate
0.0537,revert
0.0537,command
0.0537,gild
0.0537,linger
0.0537,wink
0.0538,besiege
0.0538,deprive
0.0538,ground
0.0538,round
0.0538,redeem
0.0539,stroke
0.0539,procure
0.054,prowl
0.054,impeach
0.0541,do
0.0541,affect
0.0541,shame
0.0541,subjoin
0.0541,chime
0.0541,govern
0.0542,fancy
0.0542,spy
0.0543,entangle
0.0543,decrease
0.0545,drag
0.0545,append
0.0545,embattle
0.0545,boost
0.0546,pair
0.0546,vacate
0.0546,bosom
0.0546,differ
0.0546,lash
0.0547,bag
0.0547,scrap
0.0547,stunt
0.0547,intersperse
0.0547,feed
0.0548,bound
0.0548,overtake
0.0548,cool
0.0548,submerge
0.0548,prompt
0.0548,issue
0.0548,attack
0.0549,mar
0.055,guarantee
0.0551,prevent
0.0551,intercept
0.0551,adduce
0.0552,echo
0.0552,silence
0.0552,warn
0.0552,anoint
0.0552,propel
0.0553,scream
0.0553,prejudice
0.0553,shout
0.0554,huddle
0.0554,shadow
0.0554,relax
0.0554,disband
0.0555,intervene
0.0555,replace
0.0555,inculcate
0.0555,track
0.0556,front
0.0556,doubt
0.0556,war
0.0557,ordain
0.0557,anticipate
0.0557,build
0.0559,bounce
0.0559,feather
0.056,promote
0.056,bat
0.056,screen
0.056,emerge
0.0561,stone
0.0561,distance
0.0562,pace
0.0562,vote
0.0562,apprehend
0.0563,eat
0.0563,veil
0.0563,forgive
0.0563,time
0.0564,blossom
0.0564,imitate
0.0564,incite
0.0564,excavate
0.0564,perpetuate
0.0565,strip
0.0566,throb
0.0566,uncover
0.0566,menace
0.0566,revolve
0.0566,rise
0.0567,develop
0.0567,drench
0.0567,suggest
0.0568,hesitate
0.0568,react
0.0568,auction
0.0568,sow
0.0568,release
0.0568,field
0.0568,introduce
0.0568,stave
0.0569,force
0.0569,stow
0.0569,drop
0.057,restore
0.057,storm
0.057,disclose
0.057,trot
0.0571,enter
0.0571,surpass
0.0571,shape
0.0571,defray
0.0571,clamber
0.0572,toy
0.0572,cap
0.0572,free
0.0572,exterminate
0.0572,spur
0.0572,knot
0.0573,busy
0.0573,bear
0.0573,charter
0.0573,observe
0.0573,pop
0.0574,conform
0.0575,flare
0.0575,escape
0.0575,clatter
0.0575,distribute
0.0575,sin
0.0576,report
0.0576,poke
0.0576,pinch
0.0576,work
0.0577,flash
0.0578,despair
0.0578,communicate
0.0578,adjust
0.0578,teach
0.0578,respond
0.0579,resemble
0.0579,terrify
0.058,say
0.058,consume
0.058,spirit
0.058,intrude
0.058,ache
0.058,displease
0.0581,sentence
0.0581,regard
0.0581,trust
0.0581,tread
0.0582,mangle
0.0583,slight
0.0583,scruple
0.0583,sear
0.0583,deposit
0.0584,hear
0.0584,eliminate
0.0584,test
0.0584,hit
0.0585,tease
0.0585,note
0.0585,speculate
0.0585,toss
0.0585,ennoble
0.0586,dissolve
0.0586,roast
0.0586,stalk
0.0586,host
0.0587,catch
0.0587,dress
0.0587,enchant
0.0587,sole
0.0588,freight
0.0588,scorch
0.0588,glow
0.0588,sojourn
0.0588,ply
0.0589,name
0.0589,fair
0.0589,grant
0.059,thank
0.059,intoxicate
0.059,calculate
0.0591,enact
0.0591,martyr
0.0591,spear
0.0592,worry
0.0592,limit
0.0592,swim
0.0592,rear
0.0592,suit
0.0593,hollow
0.0593,compose
0.0593,harm
0.0593,reassure
0.0593,sack
0.0593,gate
0.0593,range
0.0593,banish
0.0593,grind
0.0593,berth
0.0594,privilege
0.0594,furnish
0.0594,steal
0.0594,exhaust
0.0594,wonder
0.0594,reference
0.0595,capture
0.0596,register
0.0596,transform
0.0596,card
0.0596,count
0.0596,glass
0.0596,exercise
0.0596,boil
0.0597,devise
0.0597,perfume
0.0597,gentle
0.0597,seclude
0.0598,lease
0.0598,lose
0.0598,derive
0.0598,reappear
0.0599,call
0.0599,proclaim
0.0599,drown
0.0599,perpetrate
0.0599,cure
0.06,moderate
0.06,beget
0.06,graze
0.0601,invest
0.0601,pal
0.0601,ping
0.0601,bespeak
0.0602,annoy
0.0602,begin
0.0602,labor
0.0603,penetrate
0.0603,digest
0.0604,transfer
0.0604,consist
0.0604,deafen
0.0604,approve
0.0604,bury
0.0605,iron
0.0605,mark
0.0605,tin
0.0605,destine
0.0605,lag
0.0606,extract
0.0606,bite
0.0606,glide
0.0606,leap
0.0606,define
0.0606,pelt
0.0606,stab
0.0607,fast
0.0607,deal
0.0607,discipline
0.0607,radiate
0.0607,coast
0.0608,plant
0.0608,charm
0.0608,fashion
0.0609,awaken
0.0609,harden
0.0609,pluck
0.061,startle
0.061,spread
0.061,throne
0.061,trade
0.061,persevere
0.061,hush
0.061,weave
0.0611,salt
0.0611,waste
0.0611,impact
0.0611,finance
0.0611,export
0.0611,skirmish
0.0612,tack
0.0612,elate
0.0612,assess
0.0613,wag
0.0613,divorce
0.0613,shelter
0.0613,borrow
0.0613,lave
0.0613,welsh
0.0613,deprecate
0.0614,band
0.0614,flow
0.0614,subordinate
0.0614,breed
0.0614,return
0.0614,railroad
0.0614,waver
0.0614,want
0.0614,kick
0.0614,benefit
0.0614,ransom
0.0615,mingle
0.0615,content
0.0615,pound
0.0616,stem
0.0616,ask
0.0617,humble
0.0617,wield
0.0618,copy
0.0618,stuff
0.0618,muffle
0.0618,express
0.0619,poise
0.0619,polish
0.0619,impregnate
0.062,smash
0.062,writhe
0.062,single
0.062,skim
0.062,tackle
0.062,achieve
0.062,ram
0.062,minister
0.062,pervert
0.062,alarm
0.0621,repose
0.0621,imply
0.0621,weather
0.0621,caution
0.0621,tail
0.0622,rave
0.0622,droop
0.0623,soothe
0.0623,focus
0.0624,haul
0.0624,dangle
0.0625,generate
0.0625,claim
0.0625,picture
0.0625,illuminate
0.0626,blot
0.0626,advance
0.0626,dream
0.0626,glance
0.0626,study
0.0626,slope
0.0626,rout
0.0627,cabin
0.0627,bolt
0.0627,tempt
0.0627,steep
0.0627,dine
0.0628,revenge
0.0628,daunt
0.0628,vest
0.0628,soldier
0.0629,stud
0.0629,click
0.0629,map
0.0629,shave
0.063,circulate
0.063,depose
0.063,imagine
0.063,surrender
0.063,pocket
0.063,warm
0.0631,appreciate
0.0631,meddle
0.0632,expect
0.0632,garrison
0.0632,head
0.0632,vary
0.0633,sell
0.0633,execute
0.0633,bottle
0.0633,abate
0.0633,levy
0.0633,shuffle
0.0634,join
0.0634,concern
0.0634,recur
0.0634,second
0.0635,chalk
0.0635,unload
0.0635,rally
0.0635,reform
0.0635,pour
0.0635,pack
0.0636,wall
0.0636,reveal
0.0636,strive
0.0636,top
0.0637,last
0.0637,exist
0.0637,fend
0.0638,revolt
0.0638,pick
0.0638,heat
0.0638,hurl
0.0638,loiter
0.0639,espouse
0.0639,scotch
0.0639,become
0.0639,ditto
0.0639,oust
0.0639,mitigate
0.064,pass
0.064,vindicate
0.064,salute
0.064,couple
0.064,hound
0.0641,miss
0.0641,win
0.0641,soar
0.0641,bruise
0.0641,branch
0.0641,unveil
0.0642,corroborate
0.0642,beset
0.0642,slash
0.0644,lull
0.0644,shanghai
0.0644,measure
0.0644,reward
0.0644,roar
0.0644,fall
0.0645,contest
0.0645,explore
0.0646,shoulder
0.0646,beard
0.0646,gallop
0.0647,assist
0.0647,repress
0.0647,redouble
0.0647,disturb
0.0648,rein
0.0648,bribe
0.0648,know
0.0648,wear
0.0648,repel
0.0648,clasp
0.0649,proportion
0.0649,deliver
0.0649,injure
0.065,overlook
0.065,undulate
0.065,chuckle
0.0651,bronze
0.0651,furrow
0.0652,slacken
0.0652,divest
0.0652,cultivate
0.0653,quarry
0.0653,unfold
0.0654,snow
0.0654,puff
0.0654,coke
0.0655,wish
0.0655,curse
0.0655,quarter
0.0655,drink
0.0656,urge
0.0656,emigrate
0.0656,tint
0.0656,forge
0.0656,bewilder
0.0656,manage
0.0656,seethe
0.0656,retreat
0.0657,wrinkle
0.0657,rag
0.0658,belong
0.0659,curl
0.0659,spill
0.0659,conduct
0.066,marvel
0.066,diffuse
0.0661,arouse
0.0661,defy
0.0661,tide
0.0661,vanish
0.0661,accede
0.0662,welcome
0.0662,project
0.0662,coordinate
0.0662,group
0.0662,ejaculate
0.0662,muster
0.0662,cram
0.0662,kindle
0.0662,fret
0.0663,seed
0.0664,like
0.0664,appropriate
0.0664,detail
0.0664,article
0.0664,desire
0.0665,scratch
0.0665,press
0.0665,parallel
0.0666,verse
0.0666,mortify
0.0666,envy
0.0667,wreathe
0.0667,concur
0.0667,swing
0.0667,reel
0.0667,distrust
0.0667,kill
0.0667,ball
0.0667,frost
0.0668,lapse
0.0668,duck
0.0668,handwrite
0.0669,sharpen
0.0669,equip
0.067,reach
0.067,chase
0.067,crawl
0.0671,oppose
0.0671,evacuate
0.0671,curb
0.0671,make
0.0672,moor
0.0672,spark
0.0672,jam
0.0672,rival
0.0672,hawk
0.0672,root
0.0672,love
0.0672,surge
0.0673,agree
0.0674,crush
0.0674,lodge
0.0674,deserve
0.0674,cannon
0.0675,praise
0.0675,snake
0.0675,knit
0.0675,trademark
0.0675,sport
0.0675,moon
0.0675,boot
0.0676,buck
0.0676,contrast
0.0677,book
0.0677,revel
0.0677,intimate
0.0677,engage
0.0677,intersect
0.0677,plate
0.0678,pale
0.0678,ornament
0.0678,lot
0.0678,trail
0.0679,distress
0.0679,hill
0.0679,chamber
0.068,spell
0.068,chap
0.068,pursue
0.0681,negotiate
0.0681,joke
0.0681,stress
0.0681,hire
0.0681,hook
0.0681,avert
0.0682,overthrow
0.0682,scend
0.0682,brim
0.0683,wax
0.0683,rub
0.0683,eye
0.0684,recite
0.0684,mail
0.0685,follow
0.0685,tend
0.0685,spar
0.0685,seat
0.0685,reconcile
0.0685,hand
0.0686,think
0.0686,sugar
0.0686,comfort
0.0686,survey
0.0687,inspire
0.0687,lap
0.0687,inspect
0.0687,scent
0.0688,rope
0.0688,cheer
0.0689,stoop
0.0689,fringe
0.0689,belt
0.069,escort
0.069,brighten
0.0691,flit
0.0691,obstruct
0.0691,heal
0.0691,paint
0.0691,blow
0.0691,wade
0.0692,swear
0.0693,endorse
0.0694,lecture
0.0694,hedge
0.0695,induce
0.0695,kneel
0.0695,pit
0.0696,fuel
0.0696,civilize
0.0697,station
0.0697,migrate
0.0697,construct
0.0697,own
0.0697,addict
0.0698,liberate
0.0699,transpire
0.0699,thrive
0.0699,expel
0.0699,star
0.0699,embark
0.0699,target
0.07,massacre
0.07,justify
0.0701,yield
0.0701,fool
0.0701,slide
0.0701,vein
0.0701,touch
0.0701,riot
0.0702,price
0.0703,smoke
0.0703,boat
0.0703,rice
0.0704,design
0.0704,bereave
0.0704,winter
0.0704,cause
0.0704,dazzle
0.0704,choose
0.0705,din
0.0705,ferry
0.0705,market
0.0706,mount
0.0706,avail
0.0706,guard
0.0707,par
0.0707,occasion
0.0707,foil
0.0708,ring
0.0709,body
0.0709,grade
0.0709,infest
0.0709,print
0.0709,shine
0.071,thrust
0.071,treat
0.071,shoot
0.071,milk
0.071,gear
0.0711,exemplify
0.0711,stride
0.0711,grieve
0.0711,arm
0.0712,incorporate
0.0712,torture
0.0712,hiss
0.0713,tour
0.0713,pain
0.0713,entertain
0.0713,revive
0.0714,stir
0.0714,bob
0.0714,plunder
0.0715,blacken
0.0715,cheek
0.0715,fruit
0.0716,suspect
0.0716,conceive
0.0717,powder
0.0717,mask
0.0717,hay
0.0717,parade
0.0718,collect
0.0718,assemble
0.0718,coat
0.0719,highlight
0.0719,crouch
0.0719,visit
0.0719,recline
0.0719,water
0.0719,draw
0.0719,glitter
0.072,attract
0.072,throng
0.072,excuse
0.0721,deplore
0.0721,commute
0.0722,disgust
0.0722,adore
0.0722,regiment
0.0722,worship
0.0723,convulse
0.0723,crash
0.0723,sail
0.0723,resound
0.0723,trouble
0.0724,perform
0.0725,moonlight
0.0725,coincide
0.0725,ding
0.0726,seduce
0.0726,trap
0.0727,scout
0.0727,investigate
0.0727,speed
0.0728,participate
0.0728,associate
0.0728,reign
0.0728,bread
0.0729,serve
0.0729,control
0.0729,quicken
0.0729,peep
0.0731,necessitate
0.0731,retrieve
0.0731,imprison
0.0731,behave
0.0732,bush
0.0732,match
0.0733,mouth
0.0733,infect
0.0734,buy
0.0735,string
0.0735,produce
0.0735,implement
0.0736,air
0.0736,train
0.0738,surround
0.0739,doom
0.0739,feast
0.0739,disappoint
0.0739,state
0.074,paddle
0.074,file
0.074,object
0.0742,gun
0.0742,coin
0.0743,raise
0.0743,occur
0.0743,organize
0.0743,pirate
0.0743,rattle
0.0743,horse
0.0744,smuggle
0.0744,estimate
0.0745,tame
0.0745,hope
0.0745,pledge
0.0745,enjoin
0.0746,wind
0.0746,carry
0.0746,recognize
0.0746,rent
0.0746,lamb
0.0747,bolster
0.0747,die
0.0747,overcome
0.0748,maintain
0.0748,prosecute
0.075,sling
0.075,institute
0.075,chronicle
0.0751,consider
0.0751,sound
0.0751,narrate
0.0751,prey
0.0752,deploy
0.0753,fetch
0.0753,confess
0.0753,trigger
0.0753,ebb
0.0753,whistle
0.0755,hum
0.0755,diverge
0.0755,regret
0.0755,course
0.0755,gain
0.0755,ruffle
0.0755,withhold
0.0756,order
0.0756,petition
0.0757,gag
0.0757,blue
0.0757,preside
0.0757,laud
0.0758,review
0.0758,occupy
0.0758,premier
0.0759,weigh
0.0759,result
0.0759,mill
0.076,terrace
0.076,rain
0.0761,operate
0.0761,blaze
0.0762,strike
0.0763,concentrate
0.0763,ting
0.0763,blast
0.0764,knock
0.0764,garden
0.0765,silver
0.0765,hew
0.0766,challenge
0.0766,grass
0.0766,imbibe
0.0767,tone
0.0767,surprise
0.0767,cast
0.0768,damage
0.0768,whisper
0.0768,ride
0.0768,succeed
0.0769,overturn
0.077,totter
0.0771,remember
0.0771,voice
0.0771,camp
0.0771,predict
0.0771,converse
0.0772,quarrel
0.0772,foster
0.0772,bird
0.0772,murder
0.0773,mourn
0.0773,slop
0.0773,embroider
0.0774,prevail
0.0774,jump
0.0774,stagger
0.0775,play
0.0775,restrain
0.0775,perplex
0.0775,compass
0.0776,spike
0.0776,knight
0.0777,curtain
0.0777,entice
0.0777,convict
0.0778,retake
0.0778,believe
0.0779,farm
0.0779,testify
0.078,roof
0.078,power
0.0781,court
0.0782,dash
0.0783,carve
0.0784,sign
0.0784,lick
0.0784,applaud
0.0786,cut
0.0787,blind
0.0787,bowl
0.0788,fan
0.0788,gleam
0.0788,web
0.0788,shipwreck
0.079,pray
0.0791,commemorate
0.0791,dust
0.0791,crown
0.0792,peruse
0.0793,hunt
0.0793,animate
0.0794,blend
0.0794,yearn
0.0795,marshal
0.0795,prostrate
0.0795,board
0.0795,commit
0.0795,gratify
0.0795,pay
0.0795,cheat
0.0795,breathe
0.0796,clap
0.0796,sever
0.0797,persuade
0.0798,insure
0.0798,allude
0.0798,excite
0.0798,trace
0.0799,survive
0.0799,retire
0.08,ascend
0.08,scribe
0.08,edge
0.08,amaze
0.0801,service
0.0801,fasten
0.0801,retain
0.0802,greet
0.0802,earth
0.0804,slip
0.0804,apply
0.0804,march
0.0805,share
0.0806,flock
0.0806,blame
0.0806,wrestle
0.0806,earn
0.0807,drift
0.0807,dart
0.0808,age
0.0808,listen
0.0808,supply
0.0809,castle
0.0811,stag
0.0812,roll
0.0813,culminate
0.0813,bring
0.0813,whirl
0.0814,crook
0.0814,depute
0.0814,canton
0.0814,meet
0.0814,tan
0.0815,brush
0.0815,crack
0.0815,braid
0.0817,awe
0.0818,flicker
0.0818,recover
0.0818,pet
0.0819,indict
0.0819,elbow
0.082,whip
0.082,weed
0.082,descend
0.082,honor
0.082,bank
0.0821,delay
0.0822,lavish
0.0822,madden
0.0824,pink
0.0824,eclipse
0.0824,encircle
0.0824,wave
0.0825,raid
0.0825,fence
0.0825,coach
0.0826,route
0.0827,amuse
0.0828,practice
0.0828,conspire
0.0828,sketch
0.0829,suppose
0.0829,heighten
0.0829,cruise
0.083,fly
0.083,brood
0.0831,scheme
0.0832,intend
0.0832,confide
0.0833,cloud
0.0833,tenant
0.0833,devil
0.0833,skin
0.0834,scramble
0.0834,congratulate
0.0834,rebel
0.0834,effect
0.0835,convert
0.0836,disguise
0.0837,swallow
0.0837,mantle
0.0837,gamble
0.0838,consult
0.0839,plunge
0.0839,crow
0.0841,chance
0.0841,forecast
0.0841,cup
0.0842,invite
0.0843,league
0.0843,purify
0.0843,experience
0.0843,tie
0.0844,access
0.0845,invent
0.0847,squire
0.0848,pearl
0.0848,brief
0.0848,rock
0.0849,dance
0.0849,gin
0.0849,tax
0.085,drive
0.0853,cross
0.0855,color
0.0855,summit
0.0856,charge
0.0856,patent
0.0857,emit
0.0857,happen
0.0858,prepare
0.086,care
0.086,mend
0.0861,reproduce
0.0861,whiten
0.0863,assassinate
0.0863,pierce
0.0863,shield
0.0864,qualify
0.0864,clothe
0.0865,faint
0.0865,flog
0.0865,eagle
0.0866,obtain
0.0867,light
0.0867,invade
0.0868,master
0.0869,tap
0.0869,people
0.0869,obscure
0.0871,recount
0.0871,attend
0.0872,judge
0.0873,will
0.0873,captain
0.0874,evolve
0.0875,stumble
0.0875,reckon
0.0876,upgrade
0.0876,detect
0.0876,cost
0.0876,aim
0.0876,prize
0.0877,stream
0.0877,breakfast
0.0877,award
0.0878,plot
0.0878,peal
0.0878,schedule
0.0879,club
0.0879,spend
0.0879,clerk
0.0879,crew
0.088,troop
0.088,tune
0.088,copper
0.088,impute
0.0881,endear
0.0882,trip
0.0882,strand
0.0883,fade
0.0883,horn
0.0883,woo
0.0885,sting
0.0885,contemplate
0.0886,twin
0.0886,neighbor
0.0886,surmount
0.0887,transport
0.0888,infuse
0.0888,bargain
0.0888,crowd
0.0888,grey
0.0889,recruit
0.089,plan
0.089,taste
0.0892,traverse
0.0892,elicit
0.0892,stoke
0.0893,prospect
0.0894,decorate
0.0894,glory
0.0894,bloom
0.0894,rescue
0.0895,dwindle
0.0895,intrigue
0.0896,peer
0.0898,crackle
0.09,bark
0.09,sing
0.0903,score
0.0904,sprinkle
0.0905,accurse
0.0906,enjoy
0.0906,impair
0.0907,beckon
0.0908,lurk
0.0909,verge
0.0911,impress
0.0911,announce
0.0912,steam
0.0913,character
0.0913,vex
0.0914,bet
0.0917,teem
0.0917,dawn
0.0917,rob
0.0917,snatch
0.0918,usher
0.0921,monitor
0.0921,whitewash
0.0921,frequent
0.0921,connect
0.0925,parch
0.0925,kiss
0.0926,resume
0.0927,nod
0.0928,dye
0.0928,receipt
0.0928,ray
0.0928,confine
0.0928,decide
0.093,chant
0.0931,expense
0.0931,sun
0.0934,fund
0.0934,race
0.0934,watch
0.0936,diversify
0.0937,dare
0.0938,japan
0.0939,spin
0.0942,nestle
0.0942,howl
0.0943,premise
0.0944,risk
0.0944,act
0.0944,hail
0.0945,purpose
0.0946,halt
0.0946,fascinate
0.0946,save
0.0948,bid
0.0951,sparkle
0.0952,brown
0.0952,frank
0.0954,graduate
0.0954,reelect
0.0955,mix
0.0958,wine
0.0958,home
0.0958,threaten
0.096,twinkle
0.0961,chatter
0.0961,overshadow
0.0962,scar
0.0963,possess
0.0963,concert
0.0964,lament
0.0967,mass
0.0968,blood
0.0968,enslave
0.0968,wrest
0.0968,author
0.0969,volunteer
0.097,scour
0.0972,phrase
0.0976,sequester
0.0977,ripple
0.0978,shock
0.0979,record
0.0981,tongue
0.0981,ford
0.0983,arrive
0.0985,admire
0.0986,account
0.0989,hop
0.0989,flutter
0.099,thrill
0.0991,subject
0.0992,launch
0.0993,widow
0.0995,alter
0.0998,wan
0.1,enlist
0.1,afford
0.1004,fox
0.1006,officiate
0.1006,quell
0.1008,sadden
0.1016,diminish
0.1017,date
0.102,slave
0.1023,kidnap
0.1026,sober
0.103,chair
0.1032,interest
0.1032,vow
0.1034,witness
0.1036,rifle
0.1037,thunder
0.1038,direct
0.104,cord
0.1041,engrave
0.1042,pioneer
0.1043,travel
0.1048,mind
0.1051,pride
0.1051,bang
0.1052,live
0.1052,career
0.1052,bell
0.1059,crest
0.1064,engender
0.1065,venture
0.1074,arrange
0.1076,voyage
0.1081,wive
0.1088,preclude
0.1092,resist
0.1097,marry
0.1103,refinance
0.1106,darken
0.1123,church
0.113,channel
0.1132,sex
0.1137,doctor
0.1139,harry
0.1139,restructure
0.114,dispatch
0.1154,emancipate
0.1163,license
0.1164,represent
0.1184,recess
0.1187,queen
0.1198,grudge
0.1208,celebrate
0.1229,credit
0.129,accompany
0.1295,well
0.1311,shroud
0.1328,mother
