-0.0943,contradict
-0.0849,mislead
-0.0814,doubt
-0.0794,explain
-0.0789,conclude
-0.0787,enlighten
-0.0784,imply
-0.0777,deceive
-0.0752,determine
-0.0746,affect
-0.0744,degrade
-0.0732,dismiss
-0.0709,prove
-0.0703,disagree
-0.0702,detect
-0.0699,define
-0.0697,interpret
-0.0696,retort
-0.0694,ridicule
-0.0692,retard
-0.0691,warn
-0.069,exploit
-0.068,decompose
-0.0667,denote
-0.0666,question
-0.0665,elaborate
-0.0664,damage
-0.0663,avoid
-0.0658,reason
-0.0653,mutilate
-0.0651,disapprove
-0.065,perceive
-0.0648,corroborate
-0.0647,proclaim
-0.0645,harm
-0.0641,flesh
-0.0638,wrong
-0.0636,indicate
-0.0636,restrict
-0.0633,deny
-0.0632,classify
-0.0623,exempt
-0.0621,incite
-0.0616,advantage
-0.0613,confuse
-0.0611,condemn
-0.0604,prevent
-0.0602,educate
-0.06,enchant
-0.0595,signify
-0.0591,surmise
-0.0591,assert
-0.0591,destroy
-0.0591,beget
-0.059,persist
-0.0589,worship
-0.0585,oppose
-0.0583,argue
-0.0582,contend
-0.0582,exclude
-0.0581,exemplify
-0.0581,speculate
-0.0581,forbid
-0.0579,accuse
-0.0578,claim
-0.0577,rend
-0.0576,reject
-0.0574,smite
-0.0573,assure
-0.0573,insinuate
-0.0571,repent
-0.0571,dictate
-0.0571,convert
-0.0568,believe
-0.0567,impede
-0.0567,discourage
-0.0558,allege
-0.0558,rustle
-0.0556,bellow
-0.0556,ascertain
-0.0556,persecute
-0.0552,undergo
-0.0549,commend
-0.0548,predominate
-0.0546,quote
-0.0545,deduce
-0.0541,vary
-0.0537,allude
-0.0535,mean
-0.0533,term
-0.0531,espouse
-0.053,guarantee
-0.053,consecrate
-0.053,consult
-0.053,sin
-0.0526,caution
-0.0525,patent
-0.0524,deem
-0.0524,object
-0.0523,derive
-0.0523,alienate
-0.0523,reconcile
-0.0523,specify
-0.0522,transpire
-0.0522,excuse
-0.052,poison
-0.0519,sense
-0.0517,worry
-0.0516,contract
-0.0516,regulate
-0.0515,justify
-0.0515,clatter
-0.0515,murder
-0.0512,extend
-0.0512,regard
-0.0511,flame
-0.0511,conform
-0.0511,lag
-0.0508,mature
-0.0507,shallow
-0.0506,seize
-0.0506,assail
-0.0506,petition
-0.0505,inherit
-0.0505,affix
-0.0505,trust
-0.0505,lie
-0.0504,repudiate
-0.0504,obstruct
-0.0504,constitute
-0.0503,respect
-0.0502,perpetrate
-0.0501,pray
-0.0501,die
-0.0501,revoke
-0.0499,agitate
-0.0498,proof
-0.0497,distinguish
-0.0497,weaken
-0.0495,invoke
-0.0495,expel
-0.0495,prejudice
-0.0494,shun
-0.0493,mantle
-0.0492,prolong
-0.0492,entangle
-0.0491,exist
-0.049,deform
-0.049,article
-0.049,prosecute
-0.0489,withhold
-0.0488,smelt
-0.0487,debate
-0.0487,equal
-0.0486,thrash
-0.0486,cripple
-0.0485,condescend
-0.0485,suppress
-0.0485,wive
-0.0484,preclude
-0.0483,prick
-0.0481,fool
-0.0481,disable
-0.048,compensate
-0.0479,ignore
-0.0479,injure
-0.0478,mock
-0.0477,effect
-0.0477,emit
-0.0476,profit
-0.0476,discourse
-0.0475,utter
-0.0475,conduct
-0.0475,sacrifice
-0.0474,consume
-0.0474,sicken
-0.0471,trademark
-0.0471,defile
-0.047,provoke
-0.0469,irritate
-0.0469,purify
-0.0469,kill
-0.0469,ruin
-0.0466,overturn
-0.0466,refuse
-0.0466,prey
-0.0465,cause
-0.0464,bleed
-0.0464,enforce
-0.0463,curse
-0.0463,originate
-0.0463,oppress
-0.0462,enrage
-0.0462,abolish
-0.0462,ban
-0.0462,acquit
-0.0461,risk
-0.046,dispose
-0.046,mistake
-0.046,obey
-0.0459,denounce
-0.0459,illuminate
-0.0458,adhere
-0.0458,amend
-0.0457,right
-0.0456,click
-0.0456,ail
-0.0456,fork
-0.0456,descry
-0.0455,abhor
-0.0455,endanger
-0.0455,enslave
-0.0454,enlarge
-0.0453,point
-0.0453,manufacture
-0.0452,reproach
-0.0451,stipulate
-0.0449,assent
-0.0449,abuse
-0.0448,gall
-0.0447,halt
-0.0447,affirm
-0.0447,comply
-0.0447,profess
-0.0446,stifle
-0.0445,divorce
-0.0445,perplex
-0.0445,suspect
-0.0445,perpetuate
-0.0444,convey
-0.0443,impact
-0.0442,precede
-0.0442,demonstrate
-0.044,vindicate
-0.0439,expose
-0.0439,predict
-0.0438,explode
-0.0437,burn
-0.0436,extort
-0.0436,martyr
-0.0436,distrust
-0.0436,characterize
-0.0436,empower
-0.0433,propagate
-0.0433,decrease
-0.0433,preach
-0.0432,force
-0.0432,privilege
-0.0431,disgust
-0.0431,abandon
-0.0431,intend
-0.0431,differ
-0.0431,reduce
-0.0431,displace
-0.043,kneel
-0.043,shroud
-0.0429,defy
-0.0429,deserve
-0.0429,engender
-0.0428,shatter
-0.0428,condition
-0.0427,dismay
-0.0426,spirit
-0.0426,concede
-0.0426,lower
-0.0425,purpose
-0.0425,marry
-0.0424,modify
-0.0423,suffer
-0.0423,stunt
-0.0423,supplant
-0.0423,designate
-0.0423,reflect
-0.0423,extinguish
-0.0423,impute
-0.0422,diminish
-0.0422,cleave
-0.0422,correct
-0.0422,frighten
-0.0422,fell
-0.0421,interfere
-0.0421,court
-0.0421,issue
-0.042,poise
-0.042,equip
-0.0419,surpass
-0.0419,laud
-0.0418,alter
-0.0418,depose
-0.0418,applaud
-0.0417,embattle
-0.0417,whitewash
-0.0417,compound
-0.0417,sever
-0.0416,fortify
-0.0416,extricate
-0.0414,baffle
-0.0414,compel
-0.0414,realize
-0.0413,spell
-0.0413,prostrate
-0.0413,inflame
-0.0413,overcome
-0.0412,abridge
-0.0412,benefit
-0.0411,certify
-0.0411,detach
-0.041,devote
-0.0409,transform
-0.0409,protect
-0.0408,insure
-0.0408,baptize
-0.0407,molest
-0.0406,construct
-0.0406,exalt
-0.0406,soften
-0.0406,inculcate
-0.0405,threaten
-0.0404,blind
-0.0404,obtain
-0.0404,furrow
-0.0404,trigger
-0.0403,light
-0.0403,entrust
-0.0403,bind
-0.0403,bread
-0.0402,ordain
-0.0402,violate
-0.0402,digest
-0.0402,bolster
-0.0402,deteriorate
-0.0401,disengage
-0.0401,form
-0.0401,trap
-0.04,betray
-0.04,discharge
-0.04,enable
-0.04,horse
-0.04,bristle
-0.0399,correspond
-0.0399,blot
-0.0399,assess
-0.0398,admit
-0.0398,plead
-0.0398,deter
-0.0397,reap
-0.0397,refund
-0.0397,structure
-0.0396,contain
-0.0396,wrest
-0.0394,scend
-0.0394,tread
-0.0393,concern
-0.0393,side
-0.0393,transmit
-0.0393,rule
-0.0392,refer
-0.0392,mass
-0.0392,downgrade
-0.0392,deplore
-0.0392,accede
-0.0392,upset
-0.0392,grate
-0.0391,heed
-0.0391,decay
-0.0391,lord
-0.0391,devolve
-0.0389,offset
-0.0389,command
-0.0388,daunt
-0.0388,indict
-0.0388,cancel
-0.0388,even
-0.0387,complicate
-0.0387,endow
-0.0386,entitle
-0.0385,attest
-0.0384,exhaust
-0.0383,depute
-0.0383,control
-0.0383,calculate
-0.0383,cleanse
-0.0382,develop
-0.0382,sole
-0.0382,discontent
-0.0382,cheat
-0.0382,tell
-0.0381,befit
-0.0381,pave
-0.038,necessitate
-0.038,verse
-0.038,tolerate
-0.0379,irrigate
-0.0379,yoke
-0.0379,end
-0.0379,administer
-0.0378,abstain
-0.0378,free
-0.0378,accept
-0.0377,sanction
-0.0377,govern
-0.0376,care
-0.0376,tax
-0.0375,sight
-0.0375,suspend
-0.0374,church
-0.0374,devastate
-0.0374,limp
-0.0374,secure
-0.0373,languish
-0.0373,influence
-0.0373,foil
-0.0373,commit
-0.0373,endorse
-0.0372,savage
-0.0372,confer
-0.0372,pertain
-0.0371,elate
-0.0371,instruct
-0.0371,enclose
-0.0371,achieve
-0.0371,deprecate
-0.037,account
-0.037,license
-0.037,surround
-0.037,exceed
-0.037,overrule
-0.037,mitigate
-0.0369,wring
-0.0369,err
-0.0369,judge
-0.0369,waft
-0.0368,sign
-0.0368,power
-0.0368,front
-0.0368,pound
-0.0368,translate
-0.0367,blood
-0.0367,shrink
-0.0367,inaugurate
-0.0366,fail
-0.0366,repair
-0.0366,restructure
-0.0365,stop
-0.0365,bruise
-0.0364,trample
-0.0364,cultivate
-0.0363,yield
-0.0363,sneer
-0.0362,attract
-0.0362,let
-0.0362,seethe
-0.0361,fear
-0.0361,subjoin
-0.0361,deafen
-0.036,direct
-0.0359,salt
-0.0359,intoxicate
-0.0359,remain
-0.0358,persuade
-0.0358,impregnate
-0.0358,advise
-0.0358,hail
-0.0357,render
-0.0357,joke
-0.0357,debase
-0.0356,harass
-0.0356,discard
-0.0355,proceed
-0.0355,widen
-0.0355,milk
-0.0355,swear
-0.0355,emerge
-0.0354,hammer
-0.0354,distance
-0.0354,worsen
-0.0354,examine
-0.0353,dissipate
-0.0353,body
-0.0353,stand
-0.0353,collapse
-0.0352,become
-0.0352,vanish
-0.0352,stab
-0.0351,convene
-0.0351,dignify
-0.0351,inspect
-0.0351,smoke
-0.035,succumb
-0.035,gore
-0.035,dissent
-0.035,recede
-0.035,devil
-0.035,thwart
-0.0349,magnify
-0.0349,reassure
-0.0349,retain
-0.0349,repel
-0.0348,identify
-0.0348,revert
-0.0347,report
-0.0347,acknowledge
-0.0347,swallow
-0.0347,fathom
-0.0347,sow
-0.0347,gamble
-0.0347,cat
-0.0347,augment
-0.0346,fluctuate
-0.0345,evade
-0.0345,manifest
-0.0345,infest
-0.0345,erase
-0.0345,square
-0.0344,underlie
-0.0344,allow
-0.0344,deface
-0.0344,enact
-0.0344,forbear
-0.0343,gather
-0.0343,overpower
-0.0343,evaporate
-0.0343,tear
-0.0342,flock
-0.0342,refrain
-0.0342,inhabit
-0.0342,mar
-0.0342,advertise
-0.0342,appeal
-0.0342,foul
-0.0342,phrase
-0.0341,thin
-0.0341,totter
-0.034,situate
-0.034,fuel
-0.034,face
-0.034,declare
-0.034,dust
-0.0339,curb
-0.0338,lose
-0.0338,change
-0.0337,lease
-0.0337,accelerate
-0.0336,pollute
-0.0336,separate
-0.0336,stun
-0.0335,disguise
-0.0335,dislike
-0.0335,associate
-0.0334,voice
-0.0334,demand
-0.0334,skin
-0.0333,intervene
-0.0333,infect
-0.0333,fire
-0.0332,avow
-0.0332,annoy
-0.0332,pronounce
-0.0332,pirate
-0.0332,teem
-0.0332,disorder
-0.0331,divest
-0.0331,weigh
-0.0331,boast
-0.033,strive
-0.033,banish
-0.033,betroth
-0.033,disband
-0.0329,string
-0.0329,torment
-0.0329,value
-0.0329,pitch
-0.0328,limit
-0.0328,variegate
-0.0327,rage
-0.0327,chafe
-0.0327,beg
-0.0326,obliterate
-0.0326,forgive
-0.0325,parch
-0.0325,falter
-0.0325,conceal
-0.0325,emancipate
-0.0325,chime
-0.0325,decree
-0.0324,tree
-0.0324,feign
-0.0324,cock
-0.0324,boost
-0.0323,peer
-0.0323,testify
-0.0323,pardon
-0.0323,steer
-0.0323,slash
-0.0322,understand
-0.0321,dispense
-0.0321,quarrel
-0.0321,permit
-0.0321,ennoble
-0.0321,enumerate
-0.032,gag
-0.032,sentence
-0.032,multiply
-0.0319,convulse
-0.0319,deprive
-0.0319,murmur
-0.0319,ram
-0.0318,circulate
-0.0318,confront
-0.0317,bless
-0.0317,rid
-0.0316,usurp
-0.0316,strangle
-0.0315,press
-0.0315,provide
-0.0315,enjoin
-0.0315,balance
-0.0315,revive
-0.0314,rein
-0.0314,chew
-0.0314,quell
-0.0314,presume
-0.0312,bound
-0.0312,chance
-0.0312,elapse
-0.0312,increase
-0.0311,corrupt
-0.0311,conspire
-0.0311,maintain
-0.0311,heave
-0.031,append
-0.031,harden
-0.031,compare
-0.0309,break
-0.0309,submit
-0.0309,inflict
-0.0308,eject
-0.0307,dishearten
-0.0307,remove
-0.0307,deepen
-0.0306,fling
-0.0306,iron
-0.0305,peg
-0.0305,diffuse
-0.0305,counter
-0.0305,anoint
-0.0304,content
-0.0304,defray
-0.0303,ray
-0.0303,avert
-0.0302,eliminate
-0.0302,depend
-0.0302,condense
-0.0302,seclude
-0.0302,struggle
-0.0302,market
-0.0301,heap
-0.0301,whip
-0.0301,devise
-0.0301,view
-0.0301,earth
-0.0301,reform
-0.0301,grasp
-0.0301,divide
-0.0301,wail
-0.03,tremble
-0.03,distress
-0.03,taste
-0.03,reproduce
-0.0299,concur
-0.0299,fetch
-0.0299,intrude
-0.0299,shill
-0.0299,steal
-0.0299,contrast
-0.0299,surmount
-0.0298,doom
-0.0298,horn
-0.0298,ding
-0.0297,discontinue
-0.0297,bend
-0.0297,execute
-0.0297,compress
-0.0296,imprison
-0.0295,communicate
-0.0295,divert
-0.0295,distribute
-0.0295,moderate
-0.0295,cast
-0.0295,support
-0.0294,fruit
-0.0294,dilapidate
-0.0294,grant
-0.0293,proportion
-0.0293,hollow
-0.0293,tumble
-0.0293,mouth
-0.0293,slat
-0.0292,alight
-0.0292,resign
-0.0292,exterminate
-0.0292,burst
-0.0292,overshadow
-0.0292,facilitate
-0.0292,hit
-0.0291,rise
-0.0291,author
-0.029,roast
-0.029,undertake
-0.029,undulate
-0.029,redouble
-0.029,reclaim
-0.0289,impend
-0.0289,flour
-0.0289,humble
-0.0288,delay
-0.0288,muster
-0.0288,hold
-0.0288,defend
-0.0287,bosom
-0.0287,fry
-0.0286,scourge
-0.0286,starve
-0.0286,patch
-0.0285,investigate
-0.0285,desire
-0.0284,vein
-0.0284,isolate
-0.0284,strengthen
-0.0284,silence
-0.0284,blame
-0.0284,wonder
-0.0284,coke
-0.0283,protest
-0.0283,drench
-0.0283,impart
-0.0282,confess
-0.0282,rebel
-0.0282,accord
-0.0282,accrue
-0.0282,precipitate
-0.0281,suffocate
-0.0281,hover
-0.0281,bestow
-0.0281,neglect
-0.028,compromise
-0.0279,prevail
-0.0279,impair
-0.0278,satisfy
-0.0278,figure
-0.0278,assassinate
-0.0278,react
-0.0278,tramp
-0.0277,confirm
-0.0277,brace
-0.0277,beckon
-0.0277,beset
-0.0277,brand
-0.0277,succeed
-0.0275,extract
-0.0275,behave
-0.0275,burden
-0.0274,inform
-0.0274,coal
-0.0274,diverge
-0.0274,age
-0.0274,shrug
-0.0273,subdivide
-0.0273,sustain
-0.0273,rag
-0.0272,illustrate
-0.0272,wend
-0.0272,witness
-0.0272,scribe
-0.0272,earn
-0.0271,nourish
-0.0271,punish
-0.027,ascend
-0.027,reinforce
-0.027,tone
-0.027,grain
-0.027,solve
-0.027,hate
-0.027,estimate
-0.0269,flap
-0.0269,elicit
-0.0268,generate
-0.0268,expense
-0.0268,shudder
-0.0268,edge
-0.0268,gear
-0.0268,breathe
-0.0266,dot
-0.0266,brood
-0.0266,dazzle
-0.0265,vacate
-0.0265,penetrate
-0.0265,tender
-0.0265,adjoin
-0.0265,whiten
-0.0264,compile
-0.0264,dwindle
-0.0264,hoist
-0.0264,covet
-0.0263,thrust
-0.0263,preserve
-0.0263,establish
-0.0263,pay
-0.0262,charge
-0.0262,restrain
-0.0262,respond
-0.0261,step
-0.0261,tat
-0.0261,pluck
-0.026,favor
-0.026,approach
-0.026,glass
-0.0259,reside
-0.0259,narrow
-0.0259,lean
-0.0258,block
-0.0258,replace
-0.0258,procure
-0.0258,squire
-0.0258,speak
-0.0257,challenge
-0.0257,eclipse
-0.0257,exult
-0.0257,mangle
-0.0257,incur
-0.0256,scruple
-0.0256,regret
-0.0255,service
-0.0255,flatten
-0.0255,coin
-0.0255,field
-0.0255,lock
-0.0254,consider
-0.0254,plaster
-0.0253,rat
-0.0253,crush
-0.0253,inscribe
-0.0253,people
-0.0253,cement
-0.0252,tongue
-0.0252,hope
-0.0252,slacken
-0.0252,squat
-0.0252,count
-0.0252,acquaint
-0.0252,hiss
-0.0251,stable
-0.0251,hurt
-0.025,crook
-0.025,slight
-0.025,civilize
-0.025,sear
-0.025,demolish
-0.0249,roof
-0.0249,mourn
-0.0249,back
-0.0249,number
-0.0249,apprehend
-0.0249,bang
-0.0248,solicit
-0.0248,arouse
-0.0248,grieve
-0.0248,alternate
-0.0248,dwell
-0.0248,pervert
-0.0248,bury
-0.0247,elect
-0.0247,bite
-0.0247,delineate
-0.0247,switch
-0.0246,withdraw
-0.0246,copy
-0.0246,efface
-0.0245,upgrade
-0.0245,auction
-0.0245,reign
-0.0244,use
-0.0244,repose
-0.0244,smell
-0.0244,exercise
-0.0243,loiter
-0.0243,breast
-0.0242,note
-0.0242,shorten
-0.0242,ground
-0.0242,brim
-0.0242,cut
-0.0242,terrify
-0.0242,surrender
-0.0241,revenge
-0.0241,transact
-0.0241,heighten
-0.0241,excavate
-0.0241,discount
-0.0241,befall
-0.024,discover
-0.024,occur
-0.024,resemble
-0.024,measure
-0.024,darken
-0.024,surface
-0.024,wipe
-0.024,accumulate
-0.0239,grow
-0.0239,sharpen
-0.0239,patronize
-0.0239,soar
-0.0238,assume
-0.0238,sink
-0.0237,dissolve
-0.0237,melt
-0.0237,dun
-0.0237,complain
-0.0237,enrich
-0.0236,endear
-0.0236,tire
-0.0236,web
-0.0236,eye
-0.0236,disclose
-0.0236,elude
-0.0235,uncover
-0.0235,divine
-0.0235,dilute
-0.0235,coincide
-0.0235,run
-0.0234,encircle
-0.0234,relate
-0.0234,dim
-0.0234,seem
-0.0234,encroach
-0.0233,din
-0.0233,exclaim
-0.0232,diversify
-0.0232,confine
-0.0232,pledge
-0.0232,accurse
-0.0232,harry
-0.0231,credit
-0.0231,remainder
-0.0231,summon
-0.023,vow
-0.023,adduce
-0.023,lavish
-0.023,exert
-0.023,consign
-0.0229,receipt
-0.0228,bask
-0.0228,wine
-0.0228,scheme
-0.0228,blight
-0.0228,grip
-0.0228,tend
-0.0228,hurl
-0.0227,tint
-0.0227,edit
-0.0227,seek
-0.0226,bronze
-0.0226,happen
-0.0226,rear
-0.0226,ford
-0.0225,verify
-0.0225,carve
-0.0225,entice
-0.0224,lead
-0.0224,embody
-0.0224,mine
-0.0224,range
-0.0224,pierce
-0.0224,hem
-0.0224,rejoice
-0.0224,kick
-0.0224,authorize
-0.0223,slave
-0.0223,screw
-0.0223,clear
-0.0223,boil
-0.0222,dye
-0.0222,consolidate
-0.0222,jar
-0.0222,mortify
-0.0222,seed
-0.0222,minister
-0.0221,lift
-0.0221,yearn
-0.0221,guard
-0.022,launch
-0.022,reek
-0.022,operate
-0.022,neighbor
-0.022,implement
-0.0219,expand
-0.0219,win
-0.0219,dart
-0.0219,moon
-0.0219,remonstrate
-0.0219,refine
-0.0218,overlook
-0.0218,mother
-0.0218,cannon
-0.0217,absorb
-0.0217,grey
-0.0217,stumble
-0.0217,scatter
-0.0216,discipline
-0.0216,read
-0.0215,fuse
-0.0215,scour
-0.0215,interest
-0.0215,invent
-0.0215,survive
-0.0215,incline
-0.0215,recur
-0.0214,bear
-0.0214,crop
-0.0214,strew
-0.0214,bat
-0.0213,stain
-0.0213,awaken
-0.0213,promise
-0.0213,appoint
-0.0213,queen
-0.0213,wield
-0.0212,tighten
-0.0212,unfold
-0.0212,plate
-0.0212,tail
-0.0211,hew
-0.021,infuse
-0.021,mask
-0.021,sugar
-0.021,sun
-0.021,relieve
-0.021,levy
-0.021,reference
-0.0209,arch
-0.0209,line
-0.0209,fade
-0.0209,throng
-0.0209,recite
-0.0209,heal
-0.0209,bleach
-0.0208,dream
-0.0208,frown
-0.0208,fin
-0.0208,observe
-0.0208,root
-0.0207,pale
-0.0207,despair
-0.0207,gaze
-0.0207,pinch
-0.0207,humiliate
-0.0207,trim
-0.0207,snatch
-0.0207,blow
-0.0206,tow
-0.0206,dissatisfy
-0.0206,sport
-0.0205,blacken
-0.0205,resume
-0.0205,glory
-0.0205,oust
-0.0204,flare
-0.0204,enliven
-0.0204,turn
-0.0203,ejaculate
-0.0203,forge
-0.0202,praise
-0.0202,abstract
-0.0202,stoop
-0.0202,sell
-0.0202,menace
-0.0202,oblige
-0.0202,obscure
-0.0201,raise
-0.0201,fix
-0.0201,know
-0.0201,spur
-0.0201,mend
-0.02,wilt
-0.02,peruse
-0.02,smother
-0.02,knock
-0.02,overthrow
-0.02,suck
-0.02,cure
-0.02,kindle
-0.02,bid
-0.02,drop
-0.02,foam
-0.0199,resound
-0.0199,absent
-0.0199,spear
-0.0198,stem
-0.0198,adapt
-0.0198,gentle
-0.0198,shelve
-0.0198,quench
-0.0198,flush
-0.0197,pretend
-0.0197,tame
-0.0197,base
-0.0197,eagle
-0.0196,man
-0.0196,disappear
-0.0196,interrupt
-0.0196,quicken
-0.0196,honor
-0.0196,bottom
-0.0196,elbow
-0.0195,sting
-0.0195,smash
-0.0195,hay
-0.0195,rhyme
-0.0195,produce
-0.0194,cross
-0.0194,thank
-0.0194,anger
-0.0194,throw
-0.0194,file
-0.0194,impeach
-0.0193,hole
-0.0193,leap
-0.0193,refinance
-0.0192,subject
-0.0192,rattle
-0.0192,assay
-0.0192,reinstate
-0.0192,enhance
-0.0192,rake
-0.0191,lament
-0.0191,entail
-0.0191,submerge
-0.0191,hedge
-0.0191,gratify
-0.0191,parallel
-0.019,devour
-0.019,fast
-0.019,subordinate
-0.019,weed
-0.019,pain
-0.019,rig
-0.019,throne
-0.019,cling
-0.019,radiate
-0.0189,subside
-0.0188,follow
-0.0188,spike
-0.0188,angle
-0.0188,settle
-0.0188,arise
-0.0188,lengthen
-0.0188,feed
-0.0187,finance
-0.0187,rename
-0.0187,date
-0.0187,indent
-0.0186,test
-0.0186,crouch
-0.0186,live
-0.0186,remit
-0.0186,drown
-0.0186,flee
-0.0186,forfeit
-0.0185,stroke
-0.0185,stir
-0.0185,combine
-0.0185,print
-0.0185,acquire
-0.0185,gravel
-0.0185,madden
-0.0185,weave
-0.0184,escape
-0.0184,encourage
-0.0184,intersperse
-0.0184,appropriate
-0.0183,pass
-0.0183,disperse
-0.0183,seal
-0.0183,destine
-0.0183,incorporate
-0.0182,startle
-0.0182,promulgate
-0.0182,stock
-0.0182,verge
-0.0182,trot
-0.0181,choke
-0.0181,stick
-0.0181,channel
-0.0181,ease
-0.0181,introduce
-0.018,slow
-0.018,par
-0.018,own
-0.018,release
-0.018,attack
-0.0179,represent
-0.0179,meddle
-0.0179,lay
-0.0179,disarm
-0.0179,gain
-0.0178,sympathize
-0.0178,fight
-0.0178,propel
-0.0178,envelop
-0.0177,retake
-0.0177,heat
-0.0177,shock
-0.0176,say
-0.0176,cough
-0.0176,brown
-0.0176,shift
-0.0176,pelt
-0.0176,tan
-0.0176,embrace
-0.0175,repress
-0.0175,abound
-0.0175,average
-0.0175,chronicle
-0.0174,promote
-0.0174,stone
-0.0174,stud
-0.0174,interpose
-0.0174,gallop
-0.0173,talk
-0.0173,place
-0.0173,lick
-0.0173,intercept
-0.0173,crow
-0.0173,substitute
-0.0173,insist
-0.0172,tap
-0.0171,scrap
-0.0171,deck
-0.0171,disappoint
-0.0171,screen
-0.017,owe
-0.017,coil
-0.017,hum
-0.017,assign
-0.017,picture
-0.0169,price
-0.0169,will
-0.0169,intersect
-0.0169,gild
-0.0168,afflict
-0.0168,flit
-0.0168,grind
-0.0168,fence
-0.0168,guide
-0.0168,bequeath
-0.0167,stratify
-0.0167,whisper
-0.0167,brief
-0.0167,bud
-0.0167,wheel
-0.0166,grapple
-0.0166,plat
-0.0166,clothe
-0.0166,cost
-0.0166,state
-0.0166,stray
-0.0165,publish
-0.0165,scale
-0.0165,suppose
-0.0165,pose
-0.0165,silver
-0.0165,sojourn
-0.0164,slip
-0.0164,lapse
-0.0164,riot
-0.0163,pole
-0.0163,gun
-0.0163,answer
-0.0163,repeat
-0.0162,buck
-0.0162,thirst
-0.0162,imitate
-0.0162,crash
-0.0162,amount
-0.0162,droop
-0.0162,toss
-0.0162,hire
-0.0162,evolve
-0.0162,branch
-0.0161,intensify
-0.0161,saturate
-0.0161,frame
-0.0161,lighten
-0.0161,treat
-0.016,hesitate
-0.016,bespeak
-0.016,career
-0.016,displease
-0.016,frost
-0.016,reckon
-0.0159,throb
-0.0159,bore
-0.0159,stuff
-0.0158,register
-0.0158,last
-0.0158,mingle
-0.0158,flatter
-0.0158,lumber
-0.0158,speed
-0.0158,unveil
-0.0158,tarry
-0.0158,progress
-0.0158,convict
-0.0157,skim
-0.0156,invest
-0.0156,double
-0.0155,toll
-0.0155,prefer
-0.0155,powder
-0.0155,temper
-0.0155,experience
-0.0155,fowl
-0.0154,scratch
-0.0154,call
-0.0154,thrive
-0.0154,fend
-0.0153,pause
-0.0153,color
-0.0153,slope
-0.0153,mount
-0.0153,clench
-0.0152,peal
-0.0152,chalk
-0.0152,card
-0.0152,request
-0.0152,appear
-0.0152,decline
-0.0152,ripen
-0.0152,pursue
-0.0151,compliment
-0.0151,tenant
-0.0151,flood
-0.0151,belong
-0.015,wish
-0.015,scorch
-0.015,advance
-0.015,furnish
-0.015,hawk
-0.015,yellow
-0.015,sprinkle
-0.0149,pal
-0.0149,wet
-0.0149,loosen
-0.0149,fair
-0.0148,shoe
-0.0148,imagine
-0.0148,scar
-0.0148,key
-0.0148,ebb
-0.0147,emanate
-0.0146,premise
-0.0146,handwrite
-0.0145,yell
-0.0145,retrieve
-0.0145,model
-0.0145,act
-0.0145,hand
-0.0144,lave
-0.0144,initiate
-0.0144,doctor
-0.0143,qualify
-0.0143,compete
-0.0143,overflow
-0.0142,subscribe
-0.0141,impoverish
-0.0141,reappear
-0.0141,twist
-0.014,knight
-0.014,shave
-0.014,reprint
-0.0139,frank
-0.0138,sparkle
-0.0138,farm
-0.0138,bark
-0.0138,reward
-0.0138,worst
-0.0138,retire
-0.0138,shed
-0.0137,handle
-0.0137,saw
-0.0137,consist
-0.0137,salute
-0.0137,rejoin
-0.0137,resist
-0.0136,shame
-0.0136,cheek
-0.0136,bolt
-0.0136,widow
-0.0135,conquer
-0.0135,splash
-0.0135,bewilder
-0.0135,haunt
-0.0134,involve
-0.0134,depress
-0.0133,bubble
-0.0133,league
-0.0133,bother
-0.0132,wax
-0.0132,wrinkle
-0.0132,snake
-0.0132,trace
-0.0132,relapse
-0.0131,adjourn
-0.013,glance
-0.013,load
-0.013,shoulder
-0.013,veil
-0.013,copper
-0.013,ask
-0.013,build
-0.013,sequester
-0.0129,moor
-0.0129,clerk
-0.0129,roar
-0.0128,shove
-0.0128,cap
-0.0128,skip
-0.0128,torture
-0.0127,perform
-0.0126,overtake
-0.0126,stay
-0.0126,learn
-0.0126,glow
-0.0126,paint
-0.0125,park
-0.0125,navigate
-0.0125,quarter
-0.0125,grass
-0.0125,forecast
-0.0124,rifle
-0.0124,shape
-0.0124,mention
-0.0124,grudge
-0.0124,bare
-0.0123,impress
-0.0123,sadden
-0.0123,fashion
-0.0123,admire
-0.0123,shine
-0.0123,plunder
-0.0123,spoil
-0.0122,put
-0.0122,flog
-0.0122,groan
-0.0121,route
-0.0121,steam
-0.0121,bounce
-0.0121,glare
-0.012,mud
-0.012,jump
-0.012,toy
-0.012,blend
-0.012,felt
-0.012,snap
-0.0119,foot
-0.0118,tack
-0.0118,drag
-0.0118,raid
-0.0118,pioneer
-0.0118,mill
-0.0117,grade
-0.0117,hat
-0.0117,pull
-0.0117,dam
-0.0116,clean
-0.0116,postpone
-0.0115,fox
-0.0115,continue
-0.0115,create
-0.0115,listen
-0.0115,flash
-0.0114,scream
-0.0114,deal
-0.0114,shadow
-0.0114,confide
-0.0114,float
-0.0113,confederate
-0.0113,pet
-0.0112,down
-0.0112,aggregate
-0.0112,dare
-0.0112,attach
-0.0112,blast
-0.0111,inspire
-0.0111,wind
-0.0111,rank
-0.0111,stag
-0.0111,present
-0.0111,chant
-0.0111,cover
-0.0111,shield
-0.011,comfort
-0.0109,roll
-0.0109,conflict
-0.0109,process
-0.0109,strike
-0.0109,master
-0.0109,stow
-0.0109,preside
-0.0109,shout
-0.0109,muffle
-0.0108,supply
-0.0107,pump
-0.0107,war
-0.0107,level
-0.0106,negotiate
-0.0106,duck
-0.0106,cry
-0.0105,idle
-0.0105,scent
-0.0105,express
-0.0104,sigh
-0.0104,tin
-0.0104,sack
-0.0104,creep
-0.0104,bird
-0.0104,cup
-0.0103,land
-0.0103,store
-0.0103,water
-0.0103,unite
-0.0103,feel
-0.0103,puff
-0.0102,recount
-0.0102,howl
-0.0102,ply
-0.0101,ring
-0.0101,writhe
-0.0101,cord
-0.0101,push
-0.0101,vault
-0.0101,persevere
-0.01,possess
-0.01,recognize
-0.01,dominate
-0.01,boom
-0.01,taper
-0.01,disturb
-0.0099,leave
-0.0099,kidnap
-0.0099,beard
-0.0099,saddle
-0.0099,approve
-0.0099,hook
-0.0098,design
-0.0098,beam
-0.0098,anticipate
-0.0098,spread
-0.0098,dull
-0.0097,commission
-0.0097,waver
-0.0097,engage
-0.0096,transfer
-0.0096,dip
-0.0096,air
-0.0096,intrigue
-0.0096,lend
-0.0095,overrun
-0.0095,monitor
-0.0095,trouble
-0.0095,wash
-0.0094,faint
-0.0094,cluster
-0.0094,fret
-0.0094,bell
-0.0093,eat
-0.0093,arm
-0.0093,fall
-0.0093,decide
-0.0092,climb
-0.0092,char
-0.0091,recruit
-0.0091,ditto
-0.0091,scan
-0.009,brighten
-0.009,engrave
-0.009,teach
-0.0089,caress
-0.0089,write
-0.0088,animate
-0.0088,concentrate
-0.0088,chain
-0.0088,seat
-0.0088,fit
-0.0087,pin
-0.0087,thunder
-0.0087,deploy
-0.0086,hound
-0.0086,single
-0.0085,swing
-0.0085,dash
-0.0085,recover
-0.0085,graze
-0.0084,couple
-0.0084,escort
-0.0084,retail
-0.0084,shriek
-0.0084,blue
-0.0084,rice
-0.0084,ransom
-0.0083,urge
-0.0083,glide
-0.0082,crumble
-0.0082,drain
-0.0082,delegate
-0.0082,fare
-0.0082,drink
-0.0082,accommodate
-0.0081,fly
-0.0081,wag
-0.0081,star
-0.0081,wan
-0.008,drill
-0.008,bribe
-0.008,thatch
-0.008,ornament
-0.008,fold
-0.008,touch
-0.008,congregate
-0.0079,practice
-0.0079,crack
-0.0079,ruffle
-0.0079,crest
-0.0079,alarm
-0.0079,harvest
-0.0078,record
-0.0078,resent
-0.0077,tease
-0.0077,group
-0.0077,post
-0.0077,insert
-0.0077,habit
-0.0077,liberate
-0.0076,sex
-0.0076,fascinate
-0.0076,welsh
-0.0076,stroll
-0.0075,regiment
-0.0074,vest
-0.0073,fund
-0.0073,bow
-0.0073,ride
-0.0073,stamp
-0.0073,crown
-0.0073,knot
-0.0072,dress
-0.0072,gleam
-0.0072,ally
-0.0071,plant
-0.0071,cotton
-0.0071,adjust
-0.0071,embarrass
-0.007,play
-0.007,think
-0.007,character
-0.007,wear
-0.007,nail
-0.0069,apply
-0.0069,clash
-0.0069,begin
-0.0069,pour
-0.0069,envy
-0.0068,sling
-0.0068,bob
-0.0068,reelect
-0.0068,display
-0.0067,massacre
-0.0067,spare
-0.0067,contribute
-0.0067,dry
-0.0066,shelter
-0.0066,cloud
-0.0065,empty
-0.0065,piece
-0.0065,rout
-0.0064,culminate
-0.0064,walk
-0.0063,suffice
-0.0063,rent
-0.0063,dangle
-0.0063,aim
-0.0062,slop
-0.0062,pry
-0.0062,locate
-0.0061,pink
-0.0061,slide
-0.0061,soldier
-0.006,waste
-0.0059,hear
-0.0059,ripple
-0.0059,stagger
-0.0058,assist
-0.0058,project
-0.0058,echo
-0.0058,ache
-0.0058,commemorate
-0.0057,bush
-0.0057,overhang
-0.0057,accompany
-0.0057,bake
-0.0056,fasten
-0.0056,shade
-0.0056,swell
-0.0056,stimulate
-0.0056,rival
-0.0056,pride
-0.0056,hide
-0.0055,do
-0.0055,seel
-0.0054,hop
-0.0054,adopt
-0.0054,endeavor
-0.0054,bet
-0.0054,prospect
-0.0054,abate
-0.0053,induce
-0.0053,pit
-0.0053,chamber
-0.0053,redden
-0.0052,hamper
-0.0052,port
-0.0052,shell
-0.0051,enlist
-0.0051,collect
-0.0051,give
-0.0051,grumble
-0.0049,rack
-0.0048,strain
-0.0048,train
-0.0047,wreathe
-0.0047,sip
-0.0047,reveal
-0.0047,nestle
-0.0047,choose
-0.0047,clamber
-0.0046,carpet
-0.0046,restore
-0.0046,marvel
-0.0046,sour
-0.0046,rope
-0.0046,crackle
-0.0045,tip
-0.0045,transport
-0.0045,rest
-0.0045,sob
-0.0044,mark
-0.0043,bargain
-0.0043,garrison
-0.0043,spark
-0.0043,graduate
-0.0043,dig
-0.0043,describe
-0.0042,charm
-0.0042,result
-0.0042,laugh
-0.004,recline
-0.004,lap
-0.004,pile
-0.004,flag
-0.004,spot
-0.0038,size
-0.0038,chase
-0.0037,quiver
-0.0037,tuck
-0.0037,suit
-0.0037,redeem
-0.0036,lecture
-0.0036,cram
-0.0036,partake
-0.0035,help
-0.0034,bar
-0.0034,sleep
-0.0034,impel
-0.0034,rivet
-0.0034,coat
-0.0034,boot
-0.0033,afford
-0.0033,shiver
-0.0032,flicker
-0.0031,revel
-0.0031,task
-0.003,twinkle
-0.0029,get
-0.0029,conceive
-0.0029,contemplate
-0.0028,congratulate
-0.0028,prowl
-0.0028,drift
-0.0027,damp
-0.0027,swamp
-0.0027,gate
-0.0027,notice
-0.0027,target
-0.0026,award
-0.0026,manage
-0.0025,receive
-0.0024,quarry
-0.0024,look
-0.0024,blaze
-0.0023,fill
-0.0023,lurk
-0.0022,sober
-0.0022,till
-0.0021,dispatch
-0.0021,clasp
-0.002,return
-0.002,warm
-0.0019,appreciate
-0.0018,yawn
-0.0018,better
-0.0018,want
-0.0018,cook
-0.0017,pace
-0.0017,announce
-0.0017,imbibe
-0.0017,trickle
-0.0016,freight
-0.0016,wander
-0.0016,find
-0.0016,march
-0.0016,revolve
-0.0015,can
-0.0014,entrance
-0.0014,bowl
-0.0014,lot
-0.0014,course
-0.0014,track
-0.0013,spin
-0.0012,resolve
-0.0012,tile
-0.0012,storm
-0.0012,skirmish
-0.0012,drip
-0.0012,prize
-0.0012,pocket
-0.0012,frequent
-0.0011,vote
-0.0011,ting
-0.001,band
-0.001,occasion
-0.0009,perch
-0.0009,intimate
-0.0009,pant
-0.0008,access
-0.0008,bloom
-0.0008,time
-0.0008,circle
-0.0008,work
-0.0007,flutter
-0.0007,occupy
-0.0007,anchor
-0.0007,behold
-0.0006,beat
-0.0006,belt
-0.0005,crowd
-0.0005,reel
-0.0005,tackle
-0.0003,steamer
-0.0002,keep
-0.0002,crawl
-0.0001,shake
-0.0001,bustle
0.0,try
-0.0,middle
0.0,depart
0.0001,crave
0.0002,share
0.0002,reach
0.0002,bed
0.0002,embroider
0.0003,institute
0.0003,round
0.0004,stretch
0.0004,brigade
0.0004,serve
0.0004,search
0.0004,bank
0.0005,indulge
0.0006,blockade
0.0007,tune
0.0007,soak
0.0008,vent
0.0008,clap
0.0008,rub
0.0008,row
0.0008,guess
0.0008,attend
0.0008,steep
0.0009,catch
0.0009,ice
0.0009,gin
0.001,offer
0.001,borrow
0.001,foster
0.001,check
0.0011,strip
0.0011,stride
0.0012,shoot
0.0013,tide
0.0013,usher
0.0013,canton
0.0014,board
0.0015,suggest
0.0016,capture
0.0017,review
0.0017,marshal
0.0017,map
0.0017,feast
0.0018,miss
0.0018,move
0.0018,chill
0.0018,awe
0.0019,invade
0.0019,sew
0.002,box
0.002,forward
0.002,dilate
0.002,concert
0.002,compass
0.0021,need
0.0021,chop
0.0021,lamb
0.0021,converse
0.0022,grope
0.0022,charter
0.0022,perfume
0.0022,wait
0.0022,pop
0.0022,drive
0.0022,coach
0.0023,battle
0.0023,make
0.0023,japan
0.0023,flank
0.0024,polish
0.0025,study
0.0025,ping
0.0025,rob
0.0026,delight
0.0026,pearl
0.0026,exhibit
0.0027,snow
0.0028,scotch
0.0028,agree
0.0028,top
0.0028,smooth
0.0028,shuffle
0.0029,welcome
0.0029,recall
0.0029,distract
0.0029,import
0.0029,scout
0.0029,addict
0.003,evacuate
0.003,carry
0.003,race
0.003,wrestle
0.003,save
0.0031,deposit
0.0032,slump
0.0032,please
0.0033,officiate
0.0033,poll
0.0034,pair
0.0034,seduce
0.0035,ball
0.0036,revolt
0.0037,take
0.0037,unload
0.0037,smuggle
0.0037,crew
0.004,tie
0.0042,highlight
0.0042,entertain
0.0042,tempt
0.0042,peep
0.0043,brush
0.0043,dedicate
0.0043,vex
0.0044,sit
0.0044,paddle
0.0044,sing
0.0045,emigrate
0.0045,start
0.0045,winter
0.0046,address
0.0046,rebuild
0.0046,dance
0.0046,stall
0.0046,whirl
0.0047,hood
0.0048,plunge
0.0048,amuse
0.0048,rail
0.0048,commute
0.0048,stave
0.0049,well
0.0049,include
0.0049,rally
0.005,wall
0.005,bridge
0.0051,mix
0.0051,squeeze
0.0051,rescue
0.0051,embark
0.0052,stream
0.0052,focus
0.0053,twin
0.0054,reserve
0.0054,second
0.0055,propose
0.0055,sound
0.0056,add
0.0057,join
0.0057,linger
0.0058,migrate
0.0058,venture
0.0059,descend
0.0061,spend
0.0061,draw
0.0061,love
0.0062,flow
0.0062,score
0.0062,lodge
0.0062,trip
0.0063,buy
0.0063,gap
0.0064,weather
0.0065,compose
0.0065,woo
0.0065,buoy
0.0065,meet
0.0066,labor
0.0067,narrate
0.007,expect
0.0071,plot
0.0071,style
0.0071,hill
0.0071,wink
0.0071,surge
0.0072,captain
0.0073,match
0.0073,chap
0.0074,contest
0.0074,name
0.0076,desert
0.0076,set
0.0076,garden
0.0076,annex
0.0077,rave
0.0077,lash
0.0078,thread
0.0078,assemble
0.0078,show
0.0078,stoke
0.0079,besiege
0.0079,host
0.0079,loom
0.008,troop
0.0081,fish
0.0082,jam
0.0083,ferry
0.0084,wake
0.0085,traverse
0.0085,comment
0.0085,chatter
0.0086,curl
0.0086,rain
0.0087,brew
0.0087,message
0.0088,bottle
0.0089,close
0.0089,shower
0.009,railroad
0.0091,thrill
0.0091,breed
0.0092,participate
0.0094,stalk
0.0094,wrap
0.0094,stress
0.0094,detail
0.0095,deliver
0.0095,spy
0.0095,boat
0.0095,shop
0.0097,poke
0.0097,glaze
0.0097,soothe
0.0097,draft
0.0098,wade
0.01,cool
0.0104,revise
0.0104,kiss
0.0104,arrange
0.0104,dine
0.0104,freeze
0.0104,shipwreck
0.0105,sweep
0.0105,remind
0.0107,lounge
0.0108,volunteer
0.0109,hint
0.0109,see
0.011,home
0.011,excel
0.0112,calm
0.0115,parade
0.0116,curtain
0.0118,bin
0.0118,spill
0.0118,like
0.0121,border
0.0121,update
0.0122,bereave
0.0123,cruise
0.0123,berth
0.0124,adore
0.0125,head
0.0126,decorate
0.0126,summit
0.0127,export
0.0127,list
0.013,club
0.0131,chair
0.0133,huddle
0.0134,survey
0.0135,bag
0.0136,terrace
0.0136,strand
0.0137,book
0.0137,cave
0.014,fan
0.0141,dawn
0.0141,trail
0.0143,page
0.0143,watch
0.0144,feather
0.0145,sail
0.0146,whistle
0.0147,retreat
0.0148,invite
0.0149,glitter
0.015,enjoy
0.0152,skirt
0.0153,hush
0.0154,chuckle
0.0156,breakfast
0.0159,order
0.0159,overwhelm
0.016,hunt
0.016,hang
0.016,forget
0.0161,prompt
0.0162,refresh
0.0163,mail
0.0164,explore
0.0167,rush
0.0169,coordinate
0.0169,rock
0.0171,breeze
0.0173,station
0.0175,spar
0.0178,swim
0.018,pool
0.0189,scramble
0.019,go
0.0191,tour
0.0192,exchange
0.0193,ship
0.0195,lull
0.0196,nominate
0.0197,puzzle
0.0198,castle
0.0199,mind
0.0199,greet
0.02,braid
0.0201,blossom
0.0201,enter
0.0201,dive
0.0201,travel
0.0201,avail
0.0202,fancy
0.0203,remember
0.0204,corner
0.0206,voyage
0.0208,trade
0.021,connect
0.0216,excite
0.0217,haul
0.0219,nurse
0.0224,coast
0.0226,spring
0.0227,sup
0.0227,complete
0.0229,recess
0.0233,hug
0.0234,prepare
0.0235,blush
0.0237,warehouse
0.0238,pick
0.0239,fort
0.0239,cart
0.0239,bring
0.0246,plan
0.0247,perfect
0.0248,schedule
0.0252,sketch
0.026,total
0.0264,celebrate
0.0268,lace
0.027,moonlight
0.0272,reef
0.0276,shanghai
0.0276,relax
0.0277,cheer
0.0279,ridge
0.0285,pack
0.0286,camp
0.0286,shore
0.0288,recommend
0.0293,bay
0.0299,surprise
0.0301,finish
0.0308,busy
0.0315,grin
0.0315,nod
0.0316,fringe
0.0317,send
0.0332,visit
0.0333,wave
0.034,premier
0.0347,come
0.0348,smile
0.0349,amaze
0.0361,organize
0.0372,beach
0.0399,cabin
0.0425,knit
0.043,arrive
0.0439,reopen
0.0459,open
0.0464,hatch
