use 1510 1699,,use 1700 1799,,use 1800 1899
Action,Bias,Action,Bias,Action,Bias
endear,0.141,pervert,0.117,exhibit,0.129
parch,0.138,chant,0.114,model,0.126
abate,0.137,shudder,0.114,arrive,0.123
scend,0.136,impregnate,0.113,emerge,0.121
seethe,0.136,yearn,0.113,toy,0.121
neglect,0.135,parch,0.113,fashion,0.121
resound,0.135,spy,0.112,forecast,0.118
excite,0.135,accurse,0.112,last,0.117
bereave,0.135,ripple,0.111,brand,0.116
mitigate,0.135,uncover,0.111,surprise,0.115
efface,0.134,imbibe,0.111,unfold,0.115
delay,0.134,import,0.111,diversify,0.114
enclose,0.134,twinkle,0.111,people,0.113
brood,0.134,accuse,0.110,patch,0.112
daunt,0.134,dwindle,0.109,update,0.112
bequeath,0.133,agree,0.109,obscure,0.110
abhor,0.133,settle,0.109,web,0.110
remit,0.133,correspond,0.109,crackle,0.110
ordain,0.133,suspend,0.108,content,0.110
profess,0.133,circulate,0.108,tend,0.109
sear,0.133,wink,0.108,style,0.109
banish,0.133,emit,0.108,license,0.109
confess,0.133,remit,0.108,card,0.109
seel,0.133,caress,0.108,collect,0.108
apprehend,0.133,confirm,0.107,sling,0.107
procure,0.133,intend,0.107,remember,0.107
sow,0.133,fool,0.107,disappoint,0.107
doubt,0.132,amaze,0.107,cast,0.107
deface,0.132,scour,0.107,operate,0.107
strive,0.132,awaken,0.107,track,0.106
affirm,0.132,conceive,0.107,fringe,0.106
retain,0.132,suffer,0.107,work,0.106
flit,0.132,inhabit,0.107,cure,0.106
descry,0.132,slave,0.106,mind,0.106
declare,0.132,prove,0.106,reappear,0.105
devise,0.132,advise,0.106,record,0.105
vindicate,0.132,denounce,0.106,cool,0.105
bid,0.132,dissatisfy,0.106,crowd,0.105
perceive,0.132,imply,0.106,screen,0.105
scruple,0.132,persuade,0.106,fit,0.105
displease,0.132,pluck,0.106,air,0.105
widow,0.132,beckon,0.106,watch,0.104
cleave,0.132,lurk,0.106,size,0.104
enlarge,0.132,befit,0.106,rig,0.104
discourse,0.132,whiten,0.105,top,0.103
avow,0.132,squire,0.105,march,0.102
commend,0.132,scend,0.105,concert,0.102
undertake,0.132,persist,0.105,accompany,0.102
bosom,0.132,assure,0.105,traverse,0.102
deplore,0.132,cheat,0.105,fair,0.102
vow,0.132,comply,0.105,tax,0.102
slacken,0.132,confess,0.105,range,0.101
reproach,0.132,provoke,0.105,dress,0.101
conceive,0.132,effect,0.105,band,0.101
shun,0.132,bore,0.105,care,0.101
teem,0.132,scourge,0.105,conflict,0.100
languish,0.132,preclude,0.104,scale,0.100
thrive,0.132,whisper,0.104,inspect,0.099
promise,0.132,conform,0.104,upgrade,0.099
adore,0.132,testify,0.104,bloom,0.098
forbear,0.132,halt,0.104,color,0.098
hew,0.132,bespeak,0.104,stand,0.098
usurp,0.132,lave,0.104,design,0.098
comply,0.132,encroach,0.104,smuggle,0.098
repose,0.132,appeal,0.104,interest,0.098
bestow,0.131,exempt,0.104,act,0.098
prospect,0.131,lash,0.104,use,0.098
vanish,0.131,refinance,0.104,detail,0.097
bespeak,0.131,anoint,0.104,entertain,0.097
owe,0.131,inaugurate,0.104,reign,0.097
govern,0.131,endow,0.104,discontinue,0.097
meddle,0.131,crave,0.104,busy,0.097
tremble,0.131,abhor,0.104,commemorate,0.097
dissolve,0.131,lend,0.104,purpose,0.096
tarry,0.131,baptize,0.104,address,0.096
inflame,0.131,divest,0.104,eye,0.096
derive,0.131,devise,0.104,name,0.096
adjourn,0.131,endear,0.104,verge,0.096
conclude,0.131,deprive,0.104,better,0.096
forfeit,0.131,inspire,0.104,pretend,0.096
deceive,0.131,invest,0.104,overflow,0.096
nourish,0.131,displease,0.104,pose,0.096
render,0.131,grant,0.104,officiate,0.096
afflict,0.131,mend,0.104,commute,0.095
suffer,0.131,beset,0.104,channel,0.095
humble,0.131,condescend,0.104,pack,0.095
divine,0.131,deface,0.104,file,0.095
quarrel,0.131,delineate,0.103,cabin,0.095
conspire,0.131,slacken,0.103,discount,0.095
fin,0.131,thrive,0.103,smell,0.095
blot,0.131,enumerate,0.103,achieve,0.094
condemn,0.131,forgive,0.103,mass,0.094
impart,0.131,intersperse,0.103,treat,0.094
boast,0.131,daunt,0.103,author,0.094
pardon,0.131,debase,0.103,railroad,0.094
dedicate,0.131,vow,0.103,time,0.094
chafe,0.131,hope,0.103,pertain,0.094
provoke,0.131,indulge,0.103,object,0.094
ail,0.131,divide,0.103,applaud,0.093
dispose,0.131,relate,0.103,listen,0.093
prevail,0.131,exemplify,0.103,trail,0.093
squire,0.131,boil,0.103,stuff,0.093
martyr,0.131,widow,0.103,stride,0.093
grieve,0.131,trace,0.103,picture,0.093
befit,0.131,wend,0.103,huddle,0.092
ripen,0.131,bind,0.103,exemplify,0.092
plead,0.131,incite,0.103,structure,0.092
supplant,0.131,shipwreck,0.103,appreciate,0.092
furnish,0.131,coincide,0.103,happen,0.092
exalt,0.131,migrate,0.103,appear,0.092
rend,0.131,neglect,0.103,touch,0.092
betray,0.131,befall,0.103,entail,0.092
laud,0.131,inculcate,0.103,project,0.092
decree,0.131,seed,0.103,meet,0.092
ting,0.131,contribute,0.103,fan,0.092
swell,0.131,promulgate,0.103,shelter,0.092
wag,0.131,bequeath,0.102,addict,0.091
seize,0.131,prompt,0.102,access,0.091
acquaint,0.130,haunt,0.102,bay,0.091
quench,0.130,affix,0.102,strand,0.091
wrest,0.130,rhyme,0.102,rock,0.091
lord,0.130,subjoin,0.102,recess,0.091
divert,0.130,scruple,0.102,travel,0.091
dwell,0.130,trample,0.102,voice,0.091
persist,0.130,plot,0.102,offer,0.091
lave,0.130,enlarge,0.102,host,0.090
rout,0.130,mar,0.102,character,0.090
obey,0.130,teem,0.102,station,0.090
groan,0.130,temper,0.102,glow,0.090
appoint,0.130,recede,0.102,prevent,0.090
mortify,0.130,propagate,0.102,look,0.090
torment,0.130,redden,0.102,plunge,0.090
beget,0.130,dilapidate,0.102,warehouse,0.089
impute,0.130,adduce,0.102,light,0.089
vex,0.130,deplore,0.102,fruit,0.089
confine,0.130,infest,0.102,body,0.089
stagger,0.130,heave,0.102,advance,0.089
dishearten,0.130,betroth,0.102,boost,0.089
enrich,0.130,sear,0.102,experience,0.089
murmur,0.130,resent,0.102,communicate,0.089
reap,0.130,rein,0.102,stunt,0.089
invoke,0.130,par,0.102,fix,0.089
moor,0.130,blacken,0.102,bag,0.089
bind,0.130,surmount,0.102,market,0.089
beset,0.130,berth,0.102,steam,0.089
covet,0.130,profess,0.102,crew,0.089
flatter,0.130,exert,0.102,show,0.088
heed,0.130,depress,0.102,preserve,0.088
hum,0.130,flatter,0.102,shape,0.088
peal,0.130,destine,0.102,transform,0.088
oblige,0.130,conquer,0.102,minister,0.088
admit,0.130,entrust,0.102,frame,0.088
furrow,0.130,sup,0.102,monitor,0.088
spur,0.130,beget,0.102,close,0.088
feign,0.130,efface,0.102,gear,0.088
mar,0.130,ting,0.102,implement,0.088
exceed,0.130,interpose,0.102,share,0.088
assail,0.130,avow,0.102,signify,0.088
forgive,0.130,reject,0.102,disguise,0.088
intrude,0.130,arise,0.102,create,0.087
quell,0.129,extort,0.102,tie,0.087
overwhelm,0.129,blot,0.102,service,0.087
discharge,0.129,cleave,0.102,message,0.087
fool,0.129,hint,0.102,grin,0.087
mend,0.129,bestow,0.102,coke,0.087
prolong,0.129,enlighten,0.102,spring,0.087
compose,0.129,boast,0.102,horse,0.087
situate,0.129,stow,0.102,front,0.087
bore,0.129,darken,0.102,back,0.087
compel,0.129,retain,0.102,intimate,0.087
precipitate,0.129,derive,0.102,help,0.087
resign,0.129,dispense,0.102,peer,0.087
soften,0.129,prevail,0.102,fancy,0.086
woo,0.129,situate,0.102,benefit,0.086
baffle,0.129,conclude,0.102,ruffle,0.086
gallop,0.129,assert,0.102,compete,0.086
wilt,0.129,strain,0.102,attest,0.086
intrigue,0.128,pledge,0.102,compress,0.086
trample,0.128,confine,0.102,flash,0.086
droop,0.128,procure,0.102,ride,0.086
reign,0.128,exalt,0.102,load,0.086
assent,0.128,render,0.102,mix,0.085
depose,0.128,meddle,0.102,respond,0.085
strew,0.128,revive,0.102,root,0.085
gall,0.128,discourse,0.102,evade,0.085
quiver,0.128,enliven,0.102,do,0.085
engender,0.128,admit,0.102,tile,0.085
stow,0.128,soften,0.102,loiter,0.085
sojourn,0.128,perceive,0.102,breakfast,0.085
yoke,0.128,inscribe,0.102,distress,0.085
muster,0.128,affirm,0.102,fast,0.085
dispense,0.128,exult,0.102,unload,0.085
devour,0.128,exceed,0.102,cover,0.085
conquer,0.128,lament,0.102,smile,0.085
inspire,0.128,forecast,0.102,distance,0.085
inflict,0.127,spur,0.102,gap,0.085
rivet,0.127,ail,0.102,date,0.085
accord,0.127,shun,0.102,slight,0.085
fend,0.127,inflame,0.102,haul,0.084
enliven,0.127,heighten,0.102,breed,0.084
perplex,0.127,discharge,0.102,stroll,0.084
manifest,0.126,nourish,0.102,list,0.084
tempt,0.126,seel,0.102,brief,0.084
frighten,0.126,revolt,0.102,parade,0.084
interpose,0.126,obey,0.101,advertise,0.084
throng,0.126,prospect,0.101,store,0.084
quicken,0.126,govern,0.101,display,0.084
restore,0.126,forbear,0.101,wave,0.084
refine,0.126,deceive,0.101,point,0.084
ennoble,0.126,hew,0.101,stretch,0.084
gratify,0.126,skirmish,0.101,group,0.084
gleam,0.126,doubt,0.101,face,0.084
strengthen,0.125,perplex,0.101,winter,0.084
stifle,0.125,digest,0.101,view,0.083
thrust,0.125,diffuse,0.101,own,0.083
heave,0.125,undertake,0.101,entice,0.083
discontent,0.125,manifest,0.101,pride,0.083
lengthen,0.125,assent,0.101,prey,0.083
utter,0.125,proportion,0.101,trip,0.083
enjoin,0.125,nod,0.101,adapt,0.083
variegate,0.125,condemn,0.101,second,0.083
spark,0.125,bang,0.101,arrange,0.083
plunder,0.124,excite,0.101,hold,0.083
undergo,0.124,undergo,0.101,begin,0.083
grant,0.124,dwell,0.101,chair,0.083
befall,0.124,defy,0.101,search,0.083
heighten,0.124,transact,0.101,occur,0.083
thwart,0.124,gall,0.101,migrate,0.083
betroth,0.124,seethe,0.101,premise,0.083
inhabit,0.124,smite,0.101,think,0.083
suspend,0.124,vanish,0.101,credit,0.082
augment,0.124,commend,0.101,impress,0.082
grudge,0.124,lord,0.101,ornament,0.082
wail,0.123,prolong,0.101,shed,0.082
besiege,0.123,strive,0.101,lot,0.082
proportion,0.123,betray,0.101,participate,0.082
taper,0.123,grieve,0.101,paint,0.082
assure,0.123,charter,0.101,cart,0.082
drench,0.123,bargain,0.101,stream,0.082
grumble,0.122,reckon,0.101,attract,0.082
dwindle,0.122,impute,0.101,build,0.082
seclude,0.122,regard,0.101,parallel,0.082
falter,0.122,woo,0.101,shock,0.082
confide,0.121,exclaim,0.101,reason,0.082
deserve,0.121,precede,0.101,camp,0.082
expel,0.121,promise,0.101,castle,0.082
conceal,0.121,fin,0.101,investigate,0.082
approve,0.121,overrun,0.101,decorate,0.082
pluck,0.120,publish,0.101,express,0.081
depute,0.120,owe,0.101,route,0.081
darken,0.120,tarry,0.101,wish,0.081
affect,0.120,contradict,0.101,wind,0.081
fasten,0.120,martyr,0.101,sport,0.081
impend,0.120,declare,0.101,mature,0.081
waft,0.119,tenant,0.101,skin,0.081
defy,0.119,deem,0.101,seat,0.081
molest,0.119,bosom,0.101,field,0.081
dilate,0.119,mitigate,0.101,cruise,0.081
din,0.119,reproach,0.101,thrill,0.081
entice,0.119,enjoin,0.101,drive,0.081
retreat,0.119,accord,0.101,sadden,0.081
deny,0.119,perpetrate,0.101,course,0.081
reconcile,0.118,strew,0.101,bounce,0.081
propagate,0.118,rend,0.101,embarrass,0.080
elate,0.118,quarrel,0.101,present,0.080
withhold,0.118,murmur,0.101,tree,0.080
dignify,0.118,elate,0.101,love,0.080
deafen,0.118,diminish,0.101,steer,0.080
consecrate,0.117,dispose,0.101,impact,0.080
voyage,0.117,seize,0.101,lounge,0.080
divest,0.117,gratify,0.101,perfume,0.080
dispatch,0.117,preside,0.101,foam,0.080
accede,0.117,voyage,0.101,incorporate,0.080
haunt,0.117,recur,0.101,react,0.080
remonstrate,0.117,resound,0.101,line,0.080
defile,0.117,throng,0.101,resemble,0.080
exempt,0.117,depute,0.101,garden,0.080
debase,0.117,abound,0.101,spot,0.080
entail,0.117,reap,0.101,surround,0.080
unite,0.116,flesh,0.101,laugh,0.079
incur,0.116,groan,0.101,prepare,0.079
obstruct,0.116,variegate,0.101,coat,0.079
despair,0.116,confide,0.101,beard,0.079
reclaim,0.116,swell,0.101,couple,0.079
encroach,0.116,vindicate,0.101,cotton,0.079
perpetrate,0.115,refine,0.101,bottle,0.079
dismay,0.115,consecrate,0.101,fence,0.079
destine,0.115,mortify,0.101,head,0.079
scourge,0.115,mention,0.101,cluster,0.079
surmount,0.115,resign,0.101,fill,0.079
punish,0.115,contend,0.101,labor,0.079
amaze,0.115,dismiss,0.101,pair,0.079
wink,0.115,repose,0.101,box,0.079
throne,0.115,forget,0.101,branch,0.079
contend,0.114,adore,0.101,roof,0.079
revel,0.114,spear,0.100,rave,0.078
relieve,0.114,waft,0.100,border,0.078
vein,0.114,embark,0.100,entrance,0.078
disorder,0.114,tempt,0.100,fox,0.078
dissatisfy,0.114,chime,0.100,boot,0.078
lament,0.114,supplant,0.100,capture,0.078
vent,0.113,pinch,0.100,process,0.078
ransom,0.113,intrude,0.100,book,0.078
expect,0.113,conspire,0.100,contemplate,0.078
regiment,0.113,exterminate,0.100,guard,0.078
torture,0.113,vein,0.100,consume,0.078
interpret,0.113,sojourn,0.100,thread,0.078
endanger,0.113,expose,0.100,feed,0.078
halt,0.113,ripen,0.100,weather,0.078
absent,0.112,plead,0.100,make,0.078
bribe,0.112,bewilder,0.100,reach,0.078
disturb,0.111,abridge,0.100,wine,0.078
tat,0.111,quicken,0.100,announce,0.078
incite,0.111,dissipate,0.100,flock,0.078
behold,0.111,peal,0.100,church,0.078
pollute,0.110,dissolve,0.100,perform,0.078
intoxicate,0.110,fend,0.100,beg,0.078
sicken,0.109,ennoble,0.100,handle,0.078
lurk,0.109,captain,0.100,determine,0.077
denounce,0.109,pardon,0.100,star,0.077
indulge,0.109,roar,0.100,japan,0.077
accuse,0.109,divert,0.100,embrace,0.077
tender,0.108,gleam,0.100,board,0.077
reckon,0.108,compose,0.100,converse,0.077
desire,0.108,increase,0.100,honor,0.077
violate,0.108,interpret,0.100,say,0.077
assay,0.108,decree,0.100,survey,0.077
scatter,0.108,covet,0.100,save,0.077
mine,0.108,reign,0.100,horn,0.077
blame,0.108,civilize,0.100,figure,0.077
sup,0.108,consist,0.100,recline,0.077
oppress,0.107,doom,0.100,negotiate,0.077
lag,0.107,apprehend,0.100,venture,0.077
bargain,0.107,grudge,0.100,pin,0.077
cultivate,0.107,withhold,0.100,deck,0.077
liberate,0.107,yoke,0.100,rear,0.077
hope,0.107,furnish,0.100,glass,0.077
amend,0.107,dedicate,0.100,task,0.077
massacre,0.107,abate,0.100,cause,0.076
preside,0.107,acquaint,0.100,fold,0.076
defray,0.107,remonstrate,0.100,spend,0.076
dismiss,0.107,bid,0.100,bush,0.076
pinch,0.107,dishearten,0.100,expose,0.076
trot,0.107,compel,0.100,twist,0.076
ebb,0.107,impend,0.100,overhang,0.076
disband,0.106,lull,0.100,wall,0.076
deform,0.106,baffle,0.100,replace,0.076
widen,0.106,enhance,0.100,condition,0.076
fear,0.106,reconcile,0.100,match,0.076
rage,0.105,sanction,0.100,trademark,0.076
err,0.105,torment,0.100,prize,0.076
rule,0.105,devour,0.100,age,0.076
acquit,0.105,elapse,0.100,hesitate,0.076
extricate,0.104,nominate,0.100,navigate,0.076
tack,0.104,assassinate,0.100,gather,0.076
suppose,0.104,bleed,0.100,imitate,0.076
tenant,0.104,consign,0.100,shoot,0.076
penetrate,0.104,augment,0.100,differ,0.076
corrupt,0.103,extricate,0.100,freight,0.076
prompt,0.103,profit,0.100,plan,0.076
envy,0.103,retort,0.100,trim,0.075
redouble,0.103,languish,0.100,mouth,0.075
usher,0.103,subside,0.099,snow,0.075
skirmish,0.103,blame,0.099,launch,0.075
depress,0.102,usurp,0.099,release,0.075
infuse,0.102,smelt,0.099,eat,0.075
bound,0.102,scorch,0.099,sound,0.075
redeem,0.102,term,0.099,pole,0.075
invent,0.101,infuse,0.099,hay,0.075
suffice,0.101,massacre,0.099,stock,0.075
poise,0.100,restructure,0.099,subject,0.075
heap,0.100,annex,0.099,resume,0.075
distrust,0.100,overwhelm,0.099,intersect,0.075
unveil,0.100,entangle,0.099,tour,0.075
excuse,0.100,mislead,0.099,receive,0.075
slop,0.099,throb,0.099,talk,0.075
displace,0.099,forbid,0.099,secure,0.075
strain,0.099,scheme,0.099,know,0.075
chronicle,0.099,descry,0.099,boat,0.075
flesh,0.099,impart,0.099,threaten,0.075
frequent,0.099,enclose,0.099,dispatch,0.075
pervert,0.099,condense,0.099,gaze,0.075
verse,0.097,appoint,0.099,article,0.075
hem,0.097,enforce,0.099,celebrate,0.075
deprive,0.097,arouse,0.099,request,0.075
inform,0.097,depend,0.099,occupy,0.075
emit,0.097,ridicule,0.099,foot,0.075
influence,0.097,confer,0.099,play,0.075
privilege,0.097,revenge,0.099,contest,0.075
execute,0.097,deduce,0.099,charm,0.074
hiss,0.096,plunge,0.099,cloud,0.074
tread,0.096,tremble,0.099,brush,0.074
tint,0.096,forfeit,0.099,scratch,0.074
inscribe,0.096,suffice,0.099,notice,0.074
deem,0.096,recount,0.099,taste,0.074
endow,0.096,elude,0.099,incline,0.074
fortify,0.096,welsh,0.099,sex,0.074
follow,0.096,allude,0.099,pop,0.074
embattle,0.096,engender,0.099,speed,0.074
threaten,0.096,heed,0.099,remove,0.074
exult,0.096,bereave,0.099,ridge,0.074
regulate,0.096,sparkle,0.099,term,0.074
sin,0.095,embattle,0.099,bring,0.074
devolve,0.095,influence,0.099,assemble,0.074
overthrow,0.095,invoke,0.099,congratulate,0.074
reinforce,0.095,lavish,0.099,generate,0.074
surpass,0.094,incur,0.099,develop,0.074
divide,0.094,rank,0.099,set,0.074
prick,0.094,afflict,0.099,transport,0.074
succeed,0.094,remain,0.099,stumble,0.074
prosecute,0.093,recite,0.099,drink,0.074
arise,0.093,prejudice,0.099,fret,0.074
imprison,0.093,induce,0.099,move,0.074
urge,0.093,estimate,0.098,measure,0.074
par,0.093,indent,0.098,test,0.074
bleed,0.093,repeat,0.098,raise,0.074
impair,0.093,depose,0.098,shop,0.073
heal,0.093,repress,0.098,joke,0.073
linger,0.093,ascertain,0.098,welcome,0.073
regard,0.093,divine,0.098,speak,0.073
rebel,0.093,muster,0.098,rack,0.073
agree,0.093,return,0.098,hang,0.073
scar,0.092,levy,0.098,praise,0.073
recover,0.092,humble,0.098,produce,0.073
espouse,0.092,vex,0.098,feather,0.073
slave,0.092,regulate,0.098,scramble,0.073
understand,0.092,trot,0.098,assist,0.073
consist,0.092,rejoice,0.098,progress,0.073
resist,0.091,unveil,0.098,lick,0.073
diminish,0.091,dictate,0.098,retrieve,0.073
incorporate,0.091,affect,0.098,awe,0.073
plot,0.091,behold,0.098,crack,0.073
enlighten,0.091,weaken,0.098,wait,0.073
convey,0.090,summon,0.098,gate,0.073
toll,0.090,assail,0.098,cement,0.073
cleanse,0.090,dilate,0.098,beach,0.073
subside,0.090,privilege,0.098,kiss,0.073
baptize,0.090,overpower,0.098,walk,0.073
oust,0.089,droop,0.098,note,0.073
endeavor,0.089,surmise,0.098,rail,0.073
glory,0.089,solicit,0.098,recall,0.073
intend,0.088,chronicle,0.097,extinguish,0.073
till,0.088,deprecate,0.097,cheer,0.073
venture,0.088,feign,0.097,explore,0.073
discipline,0.088,expel,0.097,bend,0.073
curse,0.088,intrigue,0.097,drag,0.073
verge,0.088,drip,0.097,lodge,0.072
animate,0.088,cock,0.097,delight,0.072
resent,0.088,plunder,0.097,place,0.072
expense,0.088,guess,0.097,lumber,0.072
reject,0.088,bless,0.097,contain,0.072
chamber,0.087,enchant,0.097,assess,0.072
exclaim,0.087,soar,0.097,weigh,0.072
frost,0.087,redouble,0.097,knot,0.072
conform,0.087,fasten,0.097,spell,0.072
retard,0.087,mourn,0.097,rope,0.072
discover,0.087,quench,0.097,forward,0.072
profit,0.087,denote,0.097,overlook,0.072
annex,0.086,flit,0.097,gamble,0.072
awaken,0.086,utter,0.097,practice,0.072
burden,0.086,proclaim,0.097,scent,0.072
chap,0.086,quell,0.097,blend,0.072
mourn,0.086,spark,0.097,exercise,0.071
disarm,0.086,corrupt,0.097,reference,0.071
sustain,0.086,anchor,0.097,sight,0.071
trust,0.085,despair,0.097,disclose,0.071
endorse,0.085,quote,0.097,dot,0.071
gore,0.085,revolve,0.097,turn,0.071
digest,0.085,disorder,0.097,lead,0.071
stipulate,0.085,dismay,0.097,embark,0.071
pursue,0.085,deserve,0.097,will,0.071
cock,0.085,chafe,0.097,coast,0.071
rejoice,0.084,seclude,0.097,supply,0.071
accurse,0.084,instruct,0.097,live,0.071
scheme,0.084,distinguish,0.097,come,0.071
lend,0.084,adhere,0.096,doctor,0.071
stave,0.084,absent,0.096,skim,0.071
proceed,0.084,introduce,0.096,sugar,0.071
concur,0.084,assay,0.096,lapse,0.071
pal,0.084,sail,0.096,ring,0.071
authorize,0.084,poison,0.096,open,0.071
intersperse,0.084,inflict,0.096,slip,0.071
persuade,0.084,imagine,0.096,hamper,0.071
convene,0.084,repent,0.096,involve,0.071
revenge,0.083,surge,0.096,clean,0.071
lull,0.083,enrich,0.096,string,0.070
forbid,0.083,redeem,0.096,descend,0.070
pierce,0.083,obliterate,0.096,study,0.070
wend,0.083,spoil,0.096,cross,0.070
overcome,0.083,disclose,0.096,target,0.070
alight,0.083,differ,0.096,cough,0.070
adhere,0.083,prick,0.096,concern,0.070
refresh,0.083,pray,0.096,hop,0.070
charm,0.083,creep,0.096,reproduce,0.070
culminate,0.083,lengthen,0.096,career,0.070
allege,0.082,wrest,0.096,shore,0.070
convulse,0.082,blush,0.096,modify,0.070
cost,0.082,brood,0.096,ship,0.070
flap,0.082,frost,0.096,phrase,0.070
borrow,0.082,disturb,0.096,rally,0.070
educate,0.082,relapse,0.096,water,0.070
imitate,0.082,obstruct,0.096,map,0.070
subscribe,0.082,execute,0.096,flow,0.070
swear,0.082,distrust,0.096,pollute,0.070
conduct,0.082,infect,0.096,sell,0.070
depend,0.082,thwart,0.095,convene,0.070
burst,0.081,celebrate,0.095,middle,0.070
fail,0.081,ordain,0.095,side,0.070
unfold,0.081,desire,0.095,copy,0.070
elect,0.081,storm,0.095,imagine,0.070
oppose,0.081,tack,0.095,prowl,0.070
roar,0.081,succeed,0.095,thank,0.070
distress,0.081,frequent,0.095,bob,0.070
concern,0.081,widen,0.095,glaze,0.069
recede,0.081,encircle,0.095,summit,0.069
publish,0.081,pierce,0.095,include,0.069
subjoin,0.081,behave,0.095,retail,0.069
cheat,0.081,brigade,0.095,engrave,0.069
blacken,0.081,adapt,0.095,locate,0.069
temper,0.080,recommend,0.095,spread,0.069
return,0.080,resolve,0.095,rush,0.069
purpose,0.080,rage,0.095,warn,0.069
manage,0.079,hush,0.095,veil,0.069
pronounce,0.079,quiver,0.095,coordinate,0.069
praise,0.079,defray,0.095,rest,0.069
rein,0.079,suppose,0.095,curtain,0.069
bless,0.079,diversify,0.095,fathom,0.069
persevere,0.079,dream,0.095,depend,0.069
extend,0.079,moor,0.095,anticipate,0.069
accompany,0.079,marry,0.095,repair,0.069
suppress,0.078,tint,0.095,blue,0.069
dilapidate,0.078,tread,0.095,piece,0.069
recall,0.078,intoxicate,0.095,twin,0.069
narrate,0.078,elect,0.095,strip,0.069
enhance,0.078,besiege,0.095,circle,0.068
attest,0.078,writhe,0.095,end,0.068
guess,0.078,reward,0.095,belong,0.068
sacrifice,0.078,devote,0.095,anchor,0.068
chatter,0.077,dignify,0.095,fund,0.068
abstain,0.077,chamber,0.095,downgrade,0.068
commission,0.077,bribe,0.095,tongue,0.068
permit,0.077,savage,0.095,peruse,0.068
shock,0.077,precipitate,0.094,bridge,0.068
ray,0.077,ray,0.094,wipe,0.068
reward,0.077,concur,0.094,wear,0.068
disapprove,0.077,espouse,0.094,bellow,0.068
adjoin,0.077,peg,0.094,deliver,0.068
commemorate,0.077,adjourn,0.094,manage,0.068
insinuate,0.076,deform,0.094,scream,0.068
master,0.076,impair,0.094,weed,0.068
exert,0.076,charm,0.094,terrify,0.068
sneer,0.076,pronounce,0.094,trade,0.068
alarm,0.076,yawn,0.094,pledge,0.068
recount,0.076,defile,0.094,follow,0.068
disgust,0.076,rule,0.094,wander,0.068
garrison,0.076,till,0.094,originate,0.068
smuggle,0.075,purify,0.094,steep,0.068
rhyme,0.075,seduce,0.094,sketch,0.068
encourage,0.075,swamp,0.094,answer,0.068
inaugurate,0.075,praise,0.094,crawl,0.068
inherit,0.075,insist,0.094,snap,0.068
entrust,0.075,impel,0.094,engage,0.068
impoverish,0.075,flog,0.094,boom,0.067
patent,0.075,clatter,0.094,suit,0.067
weaken,0.074,oblige,0.094,cord,0.067
nod,0.074,drown,0.094,subdivide,0.067
brief,0.074,insinuate,0.094,can,0.067
translate,0.074,rout,0.094,regret,0.067
overrule,0.074,devolve,0.094,judge,0.067
value,0.074,extend,0.094,continue,0.067
decay,0.074,convulse,0.094,intervene,0.067
tear,0.074,sacrifice,0.093,reveal,0.067
gentle,0.074,wag,0.093,clap,0.067
deduce,0.074,recruit,0.093,tease,0.067
scribe,0.074,deny,0.093,examine,0.067
fade,0.074,persecute,0.093,arm,0.067
contain,0.073,stave,0.093,organize,0.067
abound,0.073,remainder,0.093,justify,0.067
scorch,0.073,falter,0.093,feast,0.067
reach,0.073,convey,0.093,alarm,0.067
shriek,0.073,prosecute,0.093,attend,0.067
forget,0.073,regiment,0.093,stress,0.067
promulgate,0.073,retreat,0.093,park,0.067
wreathe,0.073,engrave,0.093,comfort,0.066
savage,0.073,sever,0.093,afford,0.066
charter,0.072,depart,0.093,describe,0.066
infect,0.072,pour,0.093,dare,0.066
abuse,0.072,fortify,0.093,write,0.066
discourage,0.072,pry,0.093,construct,0.066
pass,0.072,excel,0.093,plant,0.066
gag,0.072,frighten,0.093,survive,0.066
uncover,0.072,shroud,0.093,flutter,0.066
complete,0.072,endeavor,0.093,smoke,0.066
propose,0.072,cram,0.093,maintain,0.066
revolt,0.072,ding,0.092,infect,0.066
obscure,0.071,err,0.092,demonstrate,0.066
instruct,0.071,prowl,0.092,alternate,0.066
facilitate,0.071,expect,0.092,flare,0.066
devote,0.071,wreathe,0.092,total,0.065
enforce,0.071,compile,0.092,clear,0.065
proclaim,0.071,blight,0.092,amount,0.065
disclose,0.071,hum,0.092,click,0.065
injure,0.071,abstract,0.092,squeeze,0.065
mislead,0.071,accede,0.092,flee,0.065
disperse,0.071,muffle,0.092,dye,0.065
navigate,0.071,entice,0.092,neighbor,0.065
participate,0.071,suppress,0.092,balance,0.065
mark,0.071,din,0.092,ferry,0.065
shipwreck,0.070,harry,0.092,whitewash,0.065
acquire,0.070,constitute,0.092,wheel,0.065
sanction,0.070,banish,0.092,aim,0.065
consume,0.070,glory,0.092,sink,0.065
license,0.070,scatter,0.092,serve,0.065
revive,0.070,swear,0.092,tell,0.065
join,0.070,sneer,0.092,order,0.065
fret,0.070,mistake,0.092,mother,0.065
fathom,0.070,laud,0.092,well,0.065
bolster,0.070,scribe,0.092,fly,0.065
determine,0.070,glide,0.092,bubble,0.065
spoil,0.070,shanghai,0.092,train,0.065
grasp,0.070,oppress,0.092,annoy,0.065
revoke,0.070,stain,0.092,braid,0.064
supply,0.070,heap,0.092,award,0.064
prey,0.070,unfold,0.091,grip,0.064
struggle,0.070,adjoin,0.091,startle,0.064
inculcate,0.069,howl,0.091,edge,0.064
stumble,0.069,account,0.091,surface,0.064
transmit,0.069,beg,0.091,bother,0.064
retort,0.069,throne,0.091,ask,0.064
yield,0.069,discourage,0.091,bar,0.064
miss,0.069,fail,0.091,base,0.064
civilize,0.069,skim,0.091,home,0.064
sigh,0.069,dilute,0.091,coach,0.064
relapse,0.069,cancel,0.091,corner,0.064
bob,0.068,tease,0.091,hurl,0.064
salute,0.068,bury,0.091,congregate,0.064
waver,0.068,wail,0.091,associate,0.064
combine,0.068,stratify,0.091,carpet,0.064
spear,0.068,moon,0.091,worship,0.064
fare,0.068,undulate,0.091,stick,0.064
invade,0.068,necessitate,0.091,tuck,0.063
whirl,0.068,menace,0.091,pitch,0.063
detail,0.068,melt,0.090,down,0.063
rank,0.067,trip,0.090,curb,0.063
presume,0.067,rename,0.090,relax,0.063
repeat,0.067,hail,0.090,land,0.063
ram,0.067,dare,0.090,fall,0.063
last,0.067,amend,0.090,demand,0.063
ply,0.067,fathom,0.090,court,0.063
plunge,0.067,append,0.090,stoop,0.063
effect,0.067,rise,0.090,crumble,0.063
partake,0.067,alter,0.090,bleach,0.063
trouble,0.067,avert,0.090,torment,0.063
dam,0.067,originate,0.090,breeze,0.062
commit,0.067,decay,0.090,number,0.062
credit,0.067,drench,0.090,bite,0.062
enrage,0.067,amuse,0.090,believe,0.062
defend,0.066,value,0.090,wrestle,0.062
even,0.066,whip,0.090,hand,0.062
distinguish,0.066,thrust,0.090,cut,0.062
shorten,0.066,cough,0.090,like,0.062
wan,0.066,flicker,0.090,quote,0.062
confirm,0.066,rebel,0.090,occasion,0.062
flee,0.066,revise,0.090,ease,0.062
howl,0.066,curse,0.090,leap,0.062
achieve,0.066,compass,0.090,blood,0.062
intensify,0.066,conceal,0.090,wrinkle,0.062
border,0.065,tear,0.090,run,0.062
contradict,0.065,demand,0.090,rent,0.062
belong,0.065,kidnap,0.090,enjoy,0.062
charge,0.065,refrain,0.090,cheek,0.062
wive,0.065,surpass,0.090,slope,0.062
rival,0.065,delay,0.090,tire,0.062
please,0.065,shiver,0.090,apply,0.062
forecast,0.064,entitle,0.090,lap,0.062
twinkle,0.064,flock,0.090,effect,0.062
reform,0.064,project,0.090,bowl,0.062
anchor,0.064,persevere,0.090,splash,0.062
visit,0.064,translate,0.090,gravel,0.062
whip,0.064,imprison,0.090,exchange,0.062
shame,0.064,discover,0.090,yearn,0.062
dawn,0.063,reform,0.089,shame,0.062
hire,0.063,mother,0.089,row,0.062
fling,0.063,dissent,0.089,average,0.062
greet,0.063,pioneer,0.089,become,0.061
remember,0.062,illustrate,0.089,control,0.061
migrate,0.062,bound,0.089,bronze,0.061
surmise,0.062,accrue,0.089,breast,0.061
destroy,0.062,strengthen,0.089,warm,0.061
cough,0.062,sow,0.089,collapse,0.061
conflict,0.062,remember,0.089,heat,0.061
frank,0.062,assign,0.089,jump,0.061
scour,0.062,violate,0.089,desert,0.061
deter,0.062,taper,0.089,ruin,0.061
anoint,0.062,flood,0.089,riot,0.061
consider,0.062,transpire,0.089,narrow,0.061
habit,0.061,ally,0.089,form,0.061
thrash,0.061,establish,0.089,visit,0.061
doom,0.061,convict,0.089,foil,0.061
debate,0.061,exploit,0.089,propel,0.061
suspect,0.061,brew,0.089,overshadow,0.061
become,0.061,ebb,0.089,square,0.060
wring,0.061,cloud,0.089,humiliate,0.060
well,0.061,startle,0.089,focus,0.060
redden,0.061,rag,0.088,mean,0.060
persecute,0.061,trust,0.088,decide,0.060
handle,0.061,thunder,0.088,seem,0.060
sob,0.060,tone,0.088,hedge,0.060
reek,0.060,swallow,0.088,appropriate,0.060
smelt,0.060,overcome,0.088,glare,0.060
tax,0.060,whirl,0.088,switch,0.060
grapple,0.060,signify,0.088,float,0.060
repent,0.060,penetrate,0.088,hug,0.060
pioneer,0.060,envelop,0.088,mail,0.060
weave,0.060,rivet,0.088,rescue,0.060
magnify,0.060,attest,0.088,catch,0.060
throb,0.060,conduct,0.088,fluctuate,0.060
crave,0.060,authorize,0.088,shave,0.060
hush,0.060,comment,0.088,angle,0.060
lash,0.060,recall,0.088,thirst,0.060
regret,0.059,refer,0.088,debate,0.060
clamber,0.059,bustle,0.088,shanghai,0.060
alternate,0.059,peep,0.088,invent,0.060
learn,0.059,unite,0.088,specify,0.059
impregnate,0.059,vent,0.088,blame,0.059
possess,0.059,stag,0.088,concentrate,0.059
delight,0.059,heal,0.088,fascinate,0.059
empower,0.059,shuffle,0.087,shoulder,0.059
writhe,0.059,sustain,0.087,belt,0.059
labor,0.059,clench,0.087,contract,0.059
acknowledge,0.059,ejaculate,0.087,peep,0.059
reside,0.059,extract,0.087,earn,0.059
thunder,0.059,embroider,0.087,scout,0.059
quarry,0.059,narrate,0.087,state,0.059
mistake,0.059,weigh,0.087,puff,0.059
perch,0.059,commission,0.087,level,0.059
trickle,0.058,allege,0.087,stable,0.059
gild,0.058,adopt,0.087,check,0.059
import,0.058,command,0.087,take,0.059
chance,0.058,count,0.087,rain,0.059
avert,0.058,kiss,0.087,go,0.059
love,0.058,bolster,0.087,whirl,0.059
rise,0.058,magnify,0.087,wash,0.059
tuck,0.058,verse,0.087,hire,0.059
transform,0.058,yield,0.087,carry,0.059
envelop,0.058,castle,0.087,absorb,0.059
bruise,0.058,corroborate,0.087,chalk,0.059
shoulder,0.058,endanger,0.087,call,0.059
extort,0.058,wive,0.087,post,0.059
peruse,0.058,consider,0.087,shade,0.059
cross,0.058,braid,0.087,disappear,0.059
free,0.058,waver,0.087,qualify,0.058
advise,0.057,price,0.087,offset,0.058
soar,0.057,blaze,0.087,whistle,0.058
fascinate,0.057,invade,0.087,choose,0.058
peg,0.057,hem,0.086,quarter,0.058
glide,0.057,pirate,0.086,tap,0.058
entitle,0.057,gild,0.086,soldier,0.058
speed,0.057,commemorate,0.086,chase,0.058
spirit,0.057,ply,0.086,stem,0.058
favor,0.057,chill,0.086,reassure,0.058
adduce,0.057,fold,0.086,corroborate,0.058
port,0.057,slip,0.086,wrap,0.058
advance,0.057,animate,0.086,prejudice,0.058
elapse,0.056,powder,0.086,double,0.058
concede,0.056,phrase,0.086,consult,0.058
contribute,0.056,bloom,0.086,crest,0.058
contemplate,0.056,miss,0.086,erase,0.058
know,0.056,restrain,0.086,rebuild,0.058
differ,0.056,wilt,0.086,hit,0.058
faint,0.056,credit,0.086,rejoice,0.058
yearn,0.056,harm,0.086,ball,0.058
bellow,0.056,administer,0.086,submit,0.058
escape,0.055,glitter,0.086,damage,0.058
fast,0.055,page,0.086,buy,0.058
wonder,0.055,wish,0.086,step,0.058
sever,0.055,hesitate,0.086,gain,0.057
evacuate,0.055,strike,0.086,exist,0.057
troop,0.055,annoy,0.086,sing,0.057
remainder,0.054,faint,0.086,pile,0.057
terrify,0.054,clamber,0.086,lease,0.057
command,0.054,interrupt,0.086,issue,0.057
blast,0.054,fox,0.086,detect,0.057
impel,0.054,contract,0.086,decompose,0.057
prejudice,0.054,expense,0.086,hover,0.057
afford,0.054,graze,0.086,hound,0.057
crest,0.053,gallop,0.086,ice,0.057
minister,0.053,pursue,0.086,greet,0.057
blaze,0.053,ram,0.086,see,0.057
trace,0.053,overtake,0.086,harm,0.057
allude,0.053,fling,0.086,bare,0.057
transpire,0.053,shelve,0.085,bird,0.057
overturn,0.053,burst,0.085,avail,0.057
worry,0.053,moonlight,0.085,approach,0.057
char,0.053,inherit,0.085,bank,0.057
feast,0.053,sigh,0.085,contrast,0.057
harm,0.053,retard,0.085,feel,0.057
slight,0.053,export,0.085,mantle,0.057
knot,0.053,wine,0.085,paddle,0.057
dare,0.053,shriek,0.085,throne,0.057
subordinate,0.052,recover,0.085,surpass,0.057
shudder,0.052,traverse,0.085,change,0.057
brigade,0.052,char,0.085,drip,0.057
spare,0.052,lag,0.085,wax,0.057
foul,0.052,honor,0.085,alter,0.057
extract,0.052,postpone,0.085,challenge,0.057
dull,0.052,copy,0.085,shell,0.056
lavish,0.052,congratulate,0.085,hook,0.056
withdraw,0.052,frown,0.085,milk,0.056
upgrade,0.052,canton,0.085,schedule,0.056
flock,0.052,certify,0.085,pay,0.056
administer,0.052,fade,0.085,endorse,0.056
slip,0.052,stifle,0.085,sun,0.056
fort,0.051,garrison,0.085,conspire,0.056
indict,0.051,predict,0.085,drain,0.056
pace,0.051,acquit,0.085,slide,0.056
abridge,0.051,acquire,0.085,buck,0.056
slow,0.051,acknowledge,0.085,seek,0.056
tame,0.051,torture,0.085,grain,0.056
support,0.051,illuminate,0.085,lighten,0.056
impeach,0.051,approve,0.085,climb,0.056
clatter,0.051,cost,0.085,fend,0.056
arouse,0.051,sing,0.085,win,0.056
appreciate,0.051,proceed,0.085,elaborate,0.056
fuel,0.050,define,0.085,farm,0.056
copy,0.050,soothe,0.085,extend,0.056
pry,0.050,fear,0.085,separate,0.056
dislike,0.050,expand,0.085,yawn,0.056
maintain,0.050,snake,0.085,shrug,0.056
stroke,0.050,crown,0.084,trust,0.056
protect,0.050,war,0.084,distrust,0.056
subject,0.050,tide,0.084,silver,0.056
canton,0.050,stroke,0.084,mill,0.056
mention,0.050,underlie,0.084,ping,0.056
sadden,0.050,send,0.084,shove,0.056
submit,0.050,terrify,0.084,auction,0.056
confer,0.050,tin,0.084,repel,0.055
refrain,0.049,fascinate,0.084,page,0.055
saddle,0.049,refresh,0.084,print,0.055
enslave,0.049,preach,0.084,intercept,0.055
infest,0.049,wan,0.084,deface,0.055
knight,0.049,sob,0.084,intend,0.055
sentence,0.049,salute,0.084,uncover,0.055
pelt,0.049,pale,0.084,eliminate,0.055
state,0.049,pollute,0.084,bolt,0.055
engrave,0.049,oust,0.084,clerk,0.055
marry,0.049,edit,0.084,bread,0.055
beckon,0.049,join,0.084,keep,0.055
startle,0.049,invite,0.084,preclude,0.055
decrease,0.049,gin,0.084,sign,0.055
detect,0.049,ache,0.084,add,0.055
cause,0.049,delight,0.084,brim,0.055
route,0.049,sequester,0.084,provide,0.055
lose,0.049,reclaim,0.084,crow,0.054
resolve,0.049,dun,0.084,breathe,0.054
ridicule,0.048,curl,0.084,blossom,0.054
amuse,0.048,stimulate,0.084,verify,0.054
station,0.048,dispatch,0.084,push,0.054
impede,0.048,shatter,0.084,swing,0.054
dot,0.048,subscribe,0.084,return,0.054
decline,0.048,wave,0.084,proclaim,0.054
generate,0.048,excuse,0.084,put,0.054
sympathize,0.048,subject,0.084,forbid,0.054
tolerate,0.047,propose,0.084,toss,0.054
embrace,0.047,dine,0.083,worry,0.054
idle,0.047,submit,0.083,power,0.054
captain,0.047,venture,0.083,raid,0.054
glance,0.047,marvel,0.083,want,0.054
recruit,0.047,queen,0.083,sew,0.054
multiply,0.047,enact,0.083,man,0.054
order,0.047,furrow,0.083,lean,0.054
ascertain,0.047,relieve,0.083,alienate,0.054
annoy,0.047,molest,0.083,tune,0.054
wrinkle,0.047,limp,0.083,observe,0.054
eagle,0.047,punish,0.083,cup,0.053
peep,0.047,justify,0.083,ground,0.053
skin,0.047,patent,0.083,disgust,0.053
shroud,0.047,knight,0.083,admire,0.053
remind,0.047,discipline,0.083,jar,0.053
drift,0.046,fund,0.083,enchant,0.053
diversify,0.046,culminate,0.083,block,0.053
levy,0.046,bolt,0.083,grass,0.053
muffle,0.046,abuse,0.083,find,0.053
rescue,0.046,author,0.083,crouch,0.053
necessitate,0.046,hate,0.083,expect,0.053
appropriate,0.046,reprint,0.083,ding,0.053
teach,0.046,think,0.083,dust,0.053
overtake,0.046,witness,0.083,solve,0.053
perpetuate,0.046,eclipse,0.083,grey,0.053
recognize,0.046,spirit,0.083,hatch,0.053
circulate,0.046,stumble,0.082,protect,0.052
grow,0.046,belong,0.082,rival,0.052
reassure,0.046,disperse,0.082,drop,0.052
occasion,0.046,generate,0.082,pierce,0.052
chime,0.046,japan,0.082,feign,0.052
prostrate,0.046,multiply,0.082,hill,0.052
limp,0.045,embody,0.082,regard,0.052
accommodate,0.045,report,0.082,send,0.052
encircle,0.045,impoverish,0.082,revert,0.052
raid,0.045,deter,0.082,echo,0.052
mingle,0.045,grumble,0.082,support,0.052
guide,0.045,brief,0.082,remain,0.052
honor,0.045,visit,0.082,polish,0.052
pledge,0.045,resist,0.082,hide,0.052
die,0.045,tender,0.082,nestle,0.052
condition,0.045,prostrate,0.082,mud,0.052
like,0.045,enable,0.082,freeze,0.052
ruffle,0.044,frank,0.082,pet,0.052
tan,0.044,wonder,0.082,bed,0.052
emanate,0.044,addict,0.082,depart,0.052
distance,0.044,blast,0.082,cook,0.052
dissent,0.044,revel,0.082,fort,0.052
need,0.044,extinguish,0.082,forge,0.051
arch,0.044,escort,0.082,sit,0.051
increase,0.044,borrow,0.082,affect,0.051
snatch,0.044,bellow,0.082,pool,0.051
practice,0.044,port,0.081,volunteer,0.051
rush,0.044,cruise,0.081,mock,0.051
ping,0.044,polish,0.081,confront,0.051
welcome,0.044,coil,0.081,summon,0.051
corner,0.044,host,0.081,try,0.051
blockade,0.044,condition,0.081,bake,0.051
dun,0.044,survey,0.081,retire,0.051
assemble,0.044,reinforce,0.081,club,0.051
equal,0.044,stream,0.081,unveil,0.051
chant,0.044,usher,0.081,evaporate,0.051
restrain,0.044,detect,0.081,dangle,0.051
hint,0.044,dawn,0.081,suck,0.051
remain,0.043,stone,0.081,perfect,0.051
pave,0.043,wake,0.081,pink,0.051
fall,0.043,revoke,0.081,embroider,0.051
sun,0.043,pound,0.081,shudder,0.051
abolish,0.043,satisfy,0.081,plaster,0.051
risk,0.043,slash,0.081,need,0.051
corroborate,0.043,debate,0.081,confirm,0.051
awe,0.043,jar,0.081,elicit,0.051
shelve,0.043,reek,0.081,carve,0.051
wrong,0.043,attract,0.081,urge,0.051
menace,0.043,rustle,0.081,shine,0.051
surrender,0.043,transmit,0.081,hear,0.051
felt,0.043,follow,0.081,kick,0.051
worst,0.043,desert,0.081,stay,0.051
hound,0.043,poise,0.081,gun,0.050
invite,0.042,sicken,0.080,petition,0.050
berth,0.042,fowl,0.080,queen,0.050
pride,0.042,mangle,0.080,pass,0.050
deal,0.042,impeach,0.080,stain,0.050
behave,0.042,combine,0.080,puzzle,0.050
blight,0.042,agitate,0.080,shift,0.050
condescend,0.042,salt,0.080,poke,0.050
anticipate,0.042,bell,0.080,smother,0.050
induce,0.042,bristle,0.080,complete,0.050
reel,0.042,dam,0.080,brood,0.050
begin,0.042,live,0.080,propagate,0.050
serve,0.042,reserve,0.080,curl,0.050
boost,0.042,spike,0.080,resist,0.050
coil,0.042,alight,0.080,bet,0.050
welsh,0.042,overthrow,0.080,rid,0.050
hurl,0.042,overturn,0.080,oppose,0.050
equip,0.042,grow,0.080,rice,0.050
desert,0.042,equal,0.080,bottom,0.050
prove,0.041,ransom,0.080,caution,0.050
frown,0.041,tan,0.080,coin,0.050
affix,0.041,reef,0.080,score,0.050
preserve,0.041,study,0.080,digest,0.049
take,0.041,obtain,0.080,gag,0.049
form,0.041,feed,0.080,fetch,0.049
escort,0.041,discontent,0.080,enter,0.049
war,0.041,predominate,0.080,race,0.049
come,0.041,shame,0.080,shake,0.049
think,0.041,march,0.080,roll,0.049
collect,0.041,stagger,0.080,convert,0.049
sequester,0.041,alarm,0.080,guide,0.049
pain,0.040,remind,0.080,plate,0.049
receive,0.040,flap,0.080,spin,0.049
spend,0.040,coin,0.080,wet,0.049
secure,0.040,church,0.080,throw,0.049
confuse,0.040,invent,0.080,dance,0.049
waste,0.040,sadden,0.079,bound,0.049
page,0.040,neighbor,0.079,loom,0.049
harden,0.040,reappear,0.079,witness,0.049
prowl,0.040,recess,0.079,mask,0.049
pay,0.040,last,0.079,scrap,0.049
second,0.040,brighten,0.079,fork,0.049
stun,0.040,die,0.079,pull,0.048
mangle,0.040,observe,0.079,shadow,0.048
swallow,0.039,thrill,0.079,discourage,0.048
bewilder,0.039,spend,0.079,single,0.048
crown,0.039,echo,0.079,pump,0.048
cure,0.039,thatch,0.079,conquer,0.048
mantle,0.039,evolve,0.079,lecture,0.048
seed,0.039,pearl,0.079,fuel,0.048
bin,0.039,stab,0.079,classify,0.048
let,0.039,sentence,0.079,ford,0.048
grip,0.039,collect,0.079,brace,0.048
expand,0.039,saturate,0.079,marvel,0.048
launch,0.039,minister,0.079,correct,0.048
refer,0.039,disapprove,0.079,deter,0.048
appeal,0.039,scotch,0.079,chance,0.048
excel,0.039,greet,0.079,draw,0.048
flank,0.038,encourage,0.079,slump,0.048
contract,0.038,toll,0.079,repress,0.048
brace,0.038,eject,0.078,tow,0.048
better,0.038,arrive,0.078,shoe,0.048
substitute,0.038,verge,0.078,learn,0.048
sense,0.038,cling,0.078,bell,0.048
complain,0.038,tend,0.078,draft,0.048
relate,0.038,transform,0.078,break,0.048
save,0.038,master,0.078,mount,0.048
heat,0.038,scream,0.078,guarantee,0.048
undulate,0.038,crow,0.078,get,0.048
load,0.038,scar,0.078,shill,0.048
peer,0.038,dip,0.078,comment,0.048
help,0.038,concern,0.078,saddle,0.048
pray,0.038,reside,0.078,flag,0.048
bristle,0.038,rub,0.078,shower,0.048
stress,0.038,flow,0.078,mislead,0.048
thirst,0.038,fort,0.078,lie,0.047
indent,0.038,tat,0.078,calculate,0.047
elaborate,0.038,retire,0.078,spark,0.047
pause,0.038,gore,0.078,decrease,0.047
rifle,0.038,attack,0.078,grind,0.047
coordinate,0.037,disappoint,0.078,excel,0.047
insure,0.037,harass,0.078,complain,0.047
reserve,0.037,patronize,0.077,give,0.047
guard,0.037,escape,0.077,duck,0.047
will,0.037,mingle,0.077,hail,0.047
place,0.037,worship,0.077,kindle,0.047
allow,0.037,emanate,0.077,register,0.047
preach,0.037,smuggle,0.077,harvest,0.047
retire,0.037,mine,0.077,yellow,0.047
occur,0.037,feast,0.077,proof,0.047
bring,0.037,enslave,0.077,compile,0.047
recur,0.037,graduate,0.077,necessitate,0.047
weigh,0.036,educate,0.077,bow,0.047
angle,0.036,hollow,0.077,chain,0.047
transport,0.036,perch,0.077,totter,0.047
exemplify,0.036,bush,0.077,earth,0.047
brim,0.036,emerge,0.077,appeal,0.046
task,0.036,flee,0.077,refund,0.046
row,0.036,name,0.077,wield,0.046
succumb,0.036,emancipate,0.077,commission,0.046
coast,0.036,farm,0.077,deteriorate,0.046
repudiate,0.036,sober,0.077,price,0.046
emigrate,0.036,dance,0.077,chill,0.046
bloom,0.036,cultivate,0.077,receipt,0.046
ascend,0.036,indict,0.077,patronize,0.046
hail,0.036,downgrade,0.077,dream,0.046
lease,0.036,totter,0.077,exploit,0.046
stalk,0.036,delegate,0.077,wonder,0.046
creep,0.036,convene,0.077,claim,0.046
drip,0.036,awe,0.077,shield,0.046
kindle,0.035,bruise,0.077,right,0.046
enable,0.035,reveal,0.077,hat,0.046
attack,0.035,supply,0.077,evacuate,0.046
keep,0.035,strand,0.077,bat,0.046
seek,0.035,gag,0.077,wake,0.046
blood,0.035,preserve,0.077,cave,0.046
top,0.035,dazzle,0.076,glitter,0.045
celebrate,0.035,dart,0.076,handwrite,0.045
officiate,0.035,stress,0.076,graze,0.045
sober,0.035,blood,0.076,whisper,0.045
thank,0.034,compare,0.076,plot,0.045
mother,0.034,moderate,0.076,stipulate,0.045
emerge,0.034,blend,0.076,nail,0.045
dominate,0.034,associate,0.076,teach,0.045
gin,0.034,interest,0.076,pale,0.045
vary,0.034,love,0.076,encourage,0.045
create,0.034,draft,0.076,escape,0.045
moderate,0.034,injure,0.076,charge,0.045
restructure,0.034,intercept,0.076,narrate,0.045
foster,0.034,receive,0.076,brown,0.045
accept,0.034,ruffle,0.076,copper,0.045
compete,0.034,threaten,0.076,educate,0.045
descend,0.034,wrinkle,0.076,read,0.044
question,0.033,characterize,0.076,seduce,0.044
extinguish,0.033,liberate,0.076,revolt,0.044
shiver,0.033,drift,0.076,sequester,0.044
compliment,0.033,decline,0.076,perpetuate,0.044
refinance,0.033,find,0.076,amaze,0.044
fell,0.033,intensify,0.076,lurk,0.044
correct,0.033,eagle,0.076,ripple,0.044
crash,0.033,ditto,0.076,dig,0.044
agitate,0.033,rush,0.076,withdraw,0.044
transact,0.033,calculate,0.076,refinance,0.044
dictate,0.033,clothe,0.076,connect,0.044
lighten,0.033,rival,0.076,cheat,0.044
compile,0.033,crush,0.076,magnify,0.044
gain,0.033,cross,0.076,snatch,0.044
assassinate,0.033,habit,0.075,stone,0.044
congregate,0.033,overshadow,0.075,mourn,0.044
interfere,0.033,win,0.075,possess,0.044
reason,0.033,rally,0.075,scan,0.044
petition,0.032,alienate,0.075,cram,0.044
crack,0.032,sharpen,0.075,dry,0.044
overrun,0.032,spin,0.075,sail,0.044
blossom,0.032,abstain,0.075,dim,0.043
fuse,0.032,urge,0.075,exclude,0.043
communicate,0.032,stoke,0.075,stun,0.043
congratulate,0.032,shout,0.075,rifle,0.043
sour,0.032,recognize,0.075,rake,0.043
hollow,0.032,nestle,0.075,trouble,0.043
forge,0.032,lecture,0.075,grapple,0.043
ache,0.032,grope,0.075,silence,0.043
explore,0.032,hiss,0.075,counter,0.043
bask,0.032,bob,0.075,chuckle,0.043
implement,0.032,thank,0.075,restructure,0.043
pound,0.032,sip,0.075,estimate,0.043
soothe,0.032,weave,0.075,flood,0.043
hurt,0.031,snatch,0.075,knock,0.043
compare,0.031,sympathize,0.075,assume,0.043
ally,0.031,explore,0.075,key,0.043
engage,0.031,shorten,0.075,bark,0.043
operate,0.031,replace,0.075,slow,0.043
rattle,0.031,confederate,0.075,skip,0.042
dim,0.031,burn,0.075,dart,0.042
shanghai,0.031,spring,0.075,sprinkle,0.042
glaze,0.031,tour,0.075,knight,0.042
hate,0.031,earn,0.075,beget,0.042
summit,0.031,seek,0.074,count,0.042
dash,0.031,blockade,0.074,realize,0.042
marvel,0.031,transfer,0.074,contradict,0.042
caress,0.031,flutter,0.074,dawn,0.042
avail,0.031,chap,0.074,dip,0.042
assign,0.031,claim,0.074,recover,0.042
tumble,0.031,welcome,0.074,assassinate,0.042
hesitate,0.030,evaporate,0.074,sparkle,0.042
enter,0.030,obscure,0.074,reel,0.042
recess,0.030,pave,0.074,deal,0.042
storm,0.030,gain,0.074,lay,0.042
constitute,0.030,premier,0.074,discard,0.042
beard,0.030,wax,0.074,sense,0.042
steer,0.030,accelerate,0.074,grow,0.042
enjoy,0.030,ascend,0.074,lock,0.042
stray,0.030,fuel,0.074,seed,0.042
listen,0.030,pass,0.074,humble,0.041
devastate,0.030,ping,0.074,sever,0.041
dissipate,0.030,earth,0.074,rename,0.041
rat,0.030,imitate,0.074,madden,0.041
win,0.030,pace,0.074,vary,0.041
spike,0.029,accept,0.074,bear,0.041
introduce,0.029,discount,0.074,pirate,0.041
search,0.029,surrender,0.074,bud,0.041
quarter,0.029,career,0.074,hood,0.041
stem,0.029,date,0.074,rattle,0.041
sight,0.029,irrigate,0.074,recommend,0.041
whisper,0.029,deposit,0.074,consider,0.041
involve,0.029,ferry,0.074,adopt,0.041
figure,0.029,brim,0.074,direct,0.041
predominate,0.029,subordinate,0.074,hollow,0.041
explode,0.029,determine,0.074,indicate,0.041
pair,0.029,forge,0.074,blow,0.041
play,0.029,explain,0.074,start,0.041
devil,0.029,murder,0.073,perch,0.041
attend,0.029,shed,0.073,dine,0.041
locate,0.029,tramp,0.073,pick,0.040
entangle,0.029,vacate,0.073,adjust,0.040
admire,0.029,emigrate,0.073,shallow,0.040
polish,0.028,reel,0.073,spill,0.040
stain,0.028,occur,0.073,round,0.040
downgrade,0.028,hire,0.073,partake,0.040
stag,0.028,crackle,0.073,saw,0.040
pump,0.028,mark,0.073,accumulate,0.040
cripple,0.028,score,0.073,reopen,0.040
share,0.028,hedge,0.073,blockade,0.040
whiten,0.028,foul,0.073,postpone,0.040
consign,0.028,sting,0.073,stalk,0.040
issue,0.028,benefit,0.073,yell,0.040
pour,0.028,grin,0.073,league,0.040
access,0.028,overrule,0.073,foster,0.040
double,0.028,stem,0.073,account,0.040
do,0.028,restore,0.073,shrink,0.040
reflect,0.028,petition,0.073,denote,0.040
ding,0.027,splash,0.073,smash,0.040
ease,0.027,glance,0.073,fool,0.040
represent,0.027,rave,0.073,pain,0.039
author,0.027,save,0.073,sip,0.039
focus,0.027,attend,0.073,inspire,0.039
recommend,0.027,copper,0.073,nominate,0.039
explain,0.027,share,0.073,pearl,0.039
negotiate,0.027,enlist,0.073,stop,0.039
dust,0.027,shell,0.073,tackle,0.039
address,0.027,discard,0.073,hole,0.039
service,0.027,build,0.073,hope,0.039
crop,0.027,disband,0.073,stud,0.039
limit,0.027,devil,0.073,fell,0.039
grope,0.027,commit,0.073,smooth,0.039
damp,0.027,let,0.073,overcome,0.039
direct,0.026,capture,0.073,rub,0.039
comfort,0.026,learn,0.073,attach,0.039
wield,0.026,impede,0.073,habit,0.039
adapt,0.026,sin,0.072,abound,0.039
assert,0.026,handwrite,0.072,charter,0.039
anger,0.026,peruse,0.072,bask,0.039
expose,0.026,fuse,0.072,let,0.039
originate,0.026,scan,0.072,spar,0.039
file,0.026,steal,0.072,prove,0.039
cave,0.026,gate,0.072,strike,0.039
believe,0.026,stay,0.072,flatten,0.039
elude,0.026,harvest,0.072,gentle,0.038
compass,0.026,strangle,0.072,crown,0.038
crouch,0.026,insert,0.072,imply,0.038
rub,0.026,hunt,0.072,terrace,0.038
gather,0.026,will,0.072,drift,0.038
approach,0.025,evacuate,0.072,reelect,0.038
meet,0.025,conflict,0.072,saturate,0.038
ornament,0.025,stud,0.072,worsen,0.038
solicit,0.025,contest,0.072,marry,0.038
eye,0.025,cleanse,0.072,jam,0.038
pant,0.025,reassure,0.072,subscribe,0.038
feed,0.025,crumble,0.072,predominate,0.038
cling,0.025,speak,0.072,disable,0.038
model,0.025,revert,0.072,review,0.038
fold,0.025,wring,0.072,tumble,0.038
scout,0.025,well,0.072,spike,0.037
shade,0.025,refund,0.072,insinuate,0.037
shine,0.025,pal,0.072,revel,0.037
commute,0.025,feel,0.072,authorize,0.037
coin,0.025,steamer,0.072,stab,0.037
dream,0.025,tune,0.072,clatter,0.037
fit,0.025,stoop,0.072,lamb,0.037
bow,0.025,mantle,0.071,worst,0.037
attract,0.025,impress,0.071,question,0.037
bet,0.025,become,0.071,chew,0.037
thatch,0.025,state,0.071,explain,0.037
export,0.024,shove,0.071,propose,0.037
exterminate,0.024,anger,0.071,shuffle,0.037
marshal,0.024,rejoin,0.071,grope,0.037
mutilate,0.024,clash,0.071,invite,0.037
gaze,0.024,tame,0.071,shiver,0.037
construct,0.024,poll,0.071,graduate,0.037
prefer,0.024,beach,0.071,tip,0.037
belt,0.024,fare,0.071,upset,0.036
kill,0.024,dig,0.071,haunt,0.036
witness,0.024,garden,0.071,grasp,0.036
ride,0.024,prey,0.071,transfer,0.036
embody,0.024,hound,0.071,lower,0.036
reinstate,0.023,gather,0.071,conduct,0.036
front,0.023,premise,0.071,crash,0.036
harvest,0.023,troop,0.071,introduce,0.036
rave,0.023,envy,0.071,suspect,0.036
examine,0.023,contemplate,0.071,pause,0.036
hay,0.023,enjoy,0.071,reflect,0.036
grade,0.023,sex,0.071,recognize,0.036
disguise,0.023,incorporate,0.071,fade,0.036
busy,0.023,shrink,0.071,meddle,0.036
insist,0.023,complicate,0.071,risk,0.036
revert,0.023,enter,0.071,represent,0.036
damage,0.023,elaborate,0.071,pal,0.036
precede,0.023,ignore,0.071,hint,0.036
voice,0.023,lose,0.071,submerge,0.036
lapse,0.023,lodge,0.070,satisfy,0.036
japan,0.023,meet,0.070,tan,0.036
avoid,0.023,hay,0.070,glance,0.036
brand,0.023,chance,0.070,pit,0.036
garden,0.023,survive,0.070,weave,0.036
iron,0.022,license,0.070,coincide,0.036
complicate,0.022,lead,0.070,institute,0.036
surge,0.022,channel,0.070,equip,0.035
harry,0.022,cause,0.070,testify,0.035
lower,0.022,pick,0.070,shroud,0.035
cannon,0.022,anticipate,0.070,compliment,0.035
powder,0.022,train,0.070,creep,0.035
tell,0.022,bird,0.070,limit,0.035
kneel,0.022,keep,0.070,falter,0.035
flatten,0.022,bend,0.070,eagle,0.035
impress,0.022,stipulate,0.070,persevere,0.035
trademark,0.022,call,0.070,translate,0.035
dazzle,0.022,linger,0.070,blush,0.035
intercept,0.022,flag,0.070,initiate,0.035
get,0.022,stalk,0.070,endanger,0.035
melt,0.022,spare,0.070,report,0.035
justify,0.022,peer,0.070,ally,0.035
buck,0.022,roll,0.070,skirt,0.035
bolt,0.022,tuck,0.070,scheme,0.035
exist,0.021,form,0.070,spirit,0.035
seat,0.021,bet,0.070,illuminate,0.035
advantage,0.021,answer,0.070,suggest,0.034
block,0.021,star,0.070,pioneer,0.034
enlist,0.021,prepare,0.070,widen,0.034
convict,0.021,distress,0.070,leave,0.034
bury,0.021,ring,0.070,scour,0.034
progress,0.021,book,0.070,beam,0.034
steal,0.021,release,0.070,covet,0.034
spring,0.021,navigate,0.070,dive,0.034
imply,0.021,worst,0.070,ejaculate,0.034
assist,0.021,leave,0.070,export,0.034
head,0.021,damp,0.070,purify,0.034
hood,0.021,spread,0.070,surmise,0.034
clench,0.021,hurl,0.070,blind,0.034
flicker,0.021,mean,0.070,revolve,0.034
mind,0.021,lapse,0.070,calm,0.034
roll,0.021,pink,0.070,join,0.034
breast,0.021,blind,0.070,vest,0.034
scream,0.021,slat,0.070,cap,0.034
time,0.020,tax,0.070,isolate,0.034
flood,0.020,afford,0.070,starve,0.034
drown,0.020,like,0.070,ram,0.033
use,0.020,read,0.070,vault,0.033
continue,0.020,represent,0.070,irritate,0.033
court,0.020,fancy,0.070,finance,0.033
flog,0.020,substitute,0.069,bid,0.033
fry,0.020,presume,0.069,agree,0.033
divorce,0.020,perform,0.069,fling,0.033
offset,0.020,idle,0.069,harry,0.033
abandon,0.020,carve,0.069,protest,0.033
purify,0.020,trademark,0.069,deploy,0.033
course,0.020,entrance,0.069,patent,0.033
fashion,0.020,update,0.069,adore,0.033
confederate,0.020,pay,0.069,exhaust,0.033
rear,0.020,award,0.069,envy,0.033
finish,0.020,give,0.069,result,0.033
force,0.019,inform,0.069,instruct,0.033
flow,0.019,saddle,0.069,finish,0.033
deteriorate,0.019,guide,0.069,accelerate,0.033
perfect,0.019,hawk,0.069,mistake,0.033
seduce,0.019,coordinate,0.069,allow,0.033
plat,0.019,map,0.069,quarry,0.033
ball,0.019,age,0.069,diverge,0.033
cheek,0.019,regret,0.069,sacrifice,0.033
tone,0.019,purpose,0.069,ply,0.033
lamb,0.019,reason,0.069,guess,0.033
worship,0.019,alternate,0.069,kneel,0.032
vest,0.019,spell,0.069,promote,0.032
mud,0.019,lamb,0.069,acquire,0.032
grey,0.019,applaud,0.069,recite,0.032
give,0.019,marshal,0.069,reduce,0.032
reduce,0.019,close,0.069,deduce,0.032
jam,0.019,advance,0.069,deform,0.032
spy,0.019,bring,0.069,sweep,0.031
entrance,0.019,suggest,0.069,gore,0.031
alienate,0.019,fashion,0.069,stamp,0.031
trip,0.018,announce,0.069,interrupt,0.031
camp,0.018,act,0.069,overtake,0.031
scent,0.018,stir,0.069,die,0.031
coincide,0.018,maintain,0.069,borrow,0.031
slump,0.018,cannon,0.069,interfere,0.031
power,0.018,harden,0.069,rise,0.031
clash,0.018,deal,0.069,impregnate,0.031
repress,0.018,clap,0.069,sympathize,0.031
bear,0.018,crest,0.069,redeem,0.031
warn,0.018,excavate,0.069,crush,0.031
scramble,0.018,coach,0.068,govern,0.031
enchant,0.018,convert,0.068,fear,0.031
watch,0.018,sole,0.068,force,0.030
tip,0.018,charge,0.068,nod,0.030
consult,0.018,bottle,0.068,distract,0.030
intervene,0.018,order,0.068,mark,0.030
diverge,0.018,rain,0.068,pursue,0.030
shelter,0.017,horn,0.068,moonlight,0.030
offer,0.017,participate,0.068,equal,0.030
screen,0.017,flush,0.068,bolster,0.030
root,0.017,complete,0.068,thin,0.030
elicit,0.017,vary,0.068,fry,0.030
gate,0.017,gentle,0.068,chamber,0.030
beg,0.017,repudiate,0.068,glide,0.030
host,0.017,believe,0.068,advantage,0.030
vacate,0.017,cry,0.068,wive,0.030
benefit,0.017,bridge,0.068,wan,0.030
side,0.017,vault,0.068,repeat,0.030
raise,0.017,deepen,0.068,arch,0.030
face,0.017,request,0.068,pocket,0.029
speak,0.017,plat,0.068,damp,0.029
depart,0.017,cripple,0.068,swear,0.029
irritate,0.017,speculate,0.068,identify,0.029
discount,0.016,kill,0.068,flour,0.029
fancy,0.016,shock,0.068,brighten,0.029
neighbor,0.016,suspect,0.068,revenge,0.029
breakfast,0.016,sell,0.068,spear,0.029
claim,0.016,auction,0.068,lift,0.029
emancipate,0.016,abolish,0.068,fish,0.029
interrupt,0.016,verify,0.068,tone,0.029
deploy,0.016,teach,0.067,troop,0.029
smite,0.016,endorse,0.067,please,0.029
prepare,0.016,perpetuate,0.067,tail,0.029
alter,0.016,plan,0.067,accept,0.029
break,0.016,compliment,0.067,combine,0.029
exclude,0.016,rat,0.067,wade,0.028
scrap,0.016,contain,0.067,nurse,0.028
arrive,0.016,waste,0.067,execute,0.028
rally,0.016,burden,0.067,fowl,0.028
body,0.016,time,0.067,lengthen,0.028
process,0.016,overlook,0.067,grade,0.028
embroider,0.015,cast,0.067,avoid,0.028
accumulate,0.015,measure,0.067,stall,0.028
grass,0.015,favor,0.067,tame,0.028
bud,0.015,destroy,0.067,blast,0.028
plate,0.015,skin,0.067,indict,0.028
embark,0.015,chop,0.067,presume,0.028
addict,0.015,shift,0.067,command,0.028
observe,0.015,address,0.067,desire,0.028
promote,0.015,insure,0.067,soak,0.028
associate,0.015,admire,0.067,excuse,0.028
shove,0.015,key,0.067,enslave,0.028
strike,0.015,gamble,0.067,crave,0.028
speculate,0.015,manufacture,0.067,restrict,0.028
summon,0.015,mock,0.067,insert,0.028
clear,0.015,retrieve,0.067,eclipse,0.027
proof,0.015,shade,0.067,incite,0.027
grin,0.015,shield,0.067,cannon,0.027
career,0.015,come,0.067,tide,0.027
plan,0.015,flatten,0.067,highlight,0.027
chill,0.015,trap,0.067,characterize,0.027
clothe,0.015,direct,0.067,intensify,0.027
edit,0.015,concede,0.067,compass,0.027
hear,0.015,quarry,0.067,captain,0.027
lace,0.015,crash,0.067,invest,0.027
illuminate,0.015,foster,0.067,rob,0.027
build,0.015,gaze,0.067,harass,0.027
shill,0.015,mutilate,0.067,rag,0.027
loiter,0.015,tumble,0.067,menace,0.027
count,0.015,scramble,0.067,undergo,0.027
stay,0.015,stroll,0.067,mention,0.027
work,0.014,exist,0.067,squat,0.027
wade,0.014,slop,0.067,press,0.026
end,0.014,flare,0.067,poll,0.026
article,0.014,decrease,0.066,clothe,0.026
structure,0.014,loiter,0.066,hurt,0.026
retrieve,0.014,bear,0.066,char,0.026
tramp,0.014,loom,0.066,suffocate,0.026
account,0.014,dangle,0.066,enlighten,0.026
hat,0.014,accumulate,0.066,swim,0.026
cheer,0.014,confront,0.066,kidnap,0.026
make,0.014,bake,0.066,crop,0.026
correspond,0.014,row,0.066,crook,0.026
embarrass,0.013,resume,0.066,explode,0.025
feel,0.013,stick,0.066,remind,0.025
arm,0.013,ban,0.066,obtain,0.025
notice,0.013,beard,0.066,consolidate,0.025
brighten,0.013,poke,0.066,drill,0.025
crook,0.013,proof,0.066,revise,0.025
choke,0.013,retake,0.066,tolerate,0.025
try,0.013,slight,0.066,compound,0.025
accrue,0.013,block,0.066,salute,0.025
skirt,0.013,content,0.066,shatter,0.025
lean,0.013,bin,0.066,master,0.025
crew,0.013,land,0.066,rat,0.025
channel,0.013,experience,0.066,storm,0.025
shift,0.013,whitewash,0.066,halt,0.025
revise,0.013,knot,0.066,anger,0.025
queen,0.013,horse,0.066,brew,0.024
moonlight,0.013,talk,0.066,elect,0.024
impact,0.013,doctor,0.066,melt,0.024
stretch,0.013,yell,0.066,harden,0.024
earn,0.013,root,0.066,sour,0.024
collapse,0.013,court,0.066,speculate,0.024
investigate,0.013,sugar,0.066,convey,0.024
measure,0.013,reach,0.066,attack,0.024
echo,0.013,voice,0.066,empty,0.024
circle,0.013,abandon,0.066,iron,0.024
delineate,0.012,wander,0.066,resolve,0.024
occupy,0.012,search,0.066,ebb,0.024
discard,0.012,free,0.066,sober,0.024
happen,0.012,devastate,0.066,emigrate,0.024
fair,0.012,upgrade,0.066,persecute,0.023
arrange,0.012,lighten,0.066,relate,0.023
weather,0.012,smother,0.066,dazzle,0.023
lot,0.012,buck,0.066,animate,0.023
clap,0.012,realize,0.065,abuse,0.023
resemble,0.012,tackle,0.065,war,0.023
right,0.012,rattle,0.065,pray,0.023
demand,0.012,own,0.065,predict,0.023
tackle,0.012,say,0.065,idle,0.023
silence,0.012,assume,0.065,abstain,0.023
design,0.012,sew,0.065,revoke,0.023
travel,0.012,disarm,0.065,evolve,0.022
score,0.012,screw,0.065,vote,0.022
bother,0.012,accompany,0.065,abandon,0.022
disappoint,0.011,fetch,0.065,refer,0.022
forward,0.011,parade,0.065,scribe,0.022
frame,0.011,message,0.065,sack,0.022
respect,0.011,soldier,0.065,spy,0.022
control,0.011,fork,0.065,enlist,0.022
fox,0.011,shadow,0.065,wring,0.022
convert,0.011,irritate,0.065,flicker,0.022
cry,0.011,show,0.065,espouse,0.022
poison,0.011,reelect,0.065,behold,0.022
evolve,0.011,cluster,0.065,fire,0.022
enact,0.011,please,0.065,widow,0.022
deliver,0.011,pack,0.065,cry,0.022
condense,0.011,tie,0.065,doom,0.022
modify,0.011,feather,0.065,excavate,0.022
study,0.011,entail,0.065,behave,0.022
ring,0.011,flank,0.065,sentence,0.022
exploit,0.011,exclude,0.065,annex,0.022
caution,0.011,felt,0.065,gild,0.022
sack,0.011,permit,0.065,shriek,0.022
total,0.011,grade,0.065,discipline,0.021
gap,0.011,trim,0.064,lace,0.021
obtain,0.011,fret,0.064,stimulate,0.021
cluster,0.010,chuckle,0.064,sharpen,0.021
refuse,0.010,officiate,0.064,retake,0.021
invest,0.010,write,0.064,culminate,0.021
care,0.010,sign,0.064,brigade,0.021
disengage,0.010,choke,0.064,flap,0.021
realize,0.010,launch,0.064,complicate,0.021
cup,0.010,square,0.064,coil,0.021
tend,0.010,grate,0.064,reconcile,0.021
hawk,0.010,shore,0.064,ray,0.021
underlie,0.010,fill,0.064,remainder,0.021
huddle,0.009,dust,0.064,expand,0.021
hill,0.009,shrug,0.064,indent,0.020
aim,0.009,fall,0.064,favor,0.020
hedge,0.009,stamp,0.064,stir,0.020
cast,0.009,initiate,0.064,inform,0.020
overpower,0.009,process,0.064,fare,0.020
denote,0.009,blow,0.064,condense,0.020
loom,0.009,know,0.064,depress,0.020
range,0.009,press,0.064,hunt,0.020
settle,0.009,double,0.064,bleed,0.020
retake,0.009,displace,0.064,chant,0.019
finance,0.009,submerge,0.064,imprison,0.019
square,0.009,guarantee,0.064,grumble,0.019
upset,0.009,degrade,0.064,stray,0.019
loosen,0.009,test,0.064,abolish,0.019
star,0.009,consume,0.064,permit,0.019
perform,0.009,worry,0.064,kill,0.019
compromise,0.009,skip,0.064,decline,0.019
unload,0.009,shower,0.064,manufacture,0.019
shout,0.009,bite,0.064,approve,0.019
ejaculate,0.009,starve,0.064,sting,0.019
stunt,0.008,complain,0.064,chatter,0.019
degrade,0.008,embarrass,0.064,pry,0.019
carve,0.008,ship,0.064,tear,0.019
tin,0.008,wait,0.064,marshal,0.019
light,0.008,stun,0.064,hush,0.019
preclude,0.008,breathe,0.063,prick,0.019
field,0.008,tail,0.063,coal,0.019
blind,0.008,create,0.063,envelop,0.018
connect,0.008,make,0.063,inherit,0.018
develop,0.008,breakfast,0.063,ignore,0.018
contrast,0.008,hatch,0.063,wrong,0.018
braid,0.008,catch,0.063,waste,0.018
stimulate,0.008,consult,0.063,trot,0.018
traverse,0.008,quarter,0.063,port,0.018
soldier,0.008,ornament,0.063,pound,0.018
obliterate,0.008,descend,0.063,discover,0.018
stoke,0.008,rebuild,0.063,compare,0.018
boil,0.007,kneel,0.063,dominate,0.018
judge,0.007,deliver,0.063,slash,0.018
award,0.007,facilitate,0.063,molest,0.018
sign,0.007,brace,0.063,murder,0.018
send,0.007,construct,0.063,defend,0.017
doctor,0.007,smash,0.063,drench,0.017
eject,0.007,add,0.063,deposit,0.017
shadow,0.007,bank,0.063,flush,0.017
incline,0.007,equip,0.063,regiment,0.017
establish,0.007,thirst,0.063,amuse,0.017
worsen,0.007,dull,0.063,invade,0.017
prevent,0.007,clasp,0.063,fight,0.017
apply,0.007,total,0.063,roast,0.017
tail,0.007,indicate,0.063,respect,0.017
want,0.007,register,0.063,disarm,0.017
harass,0.007,stray,0.063,violate,0.017
ruin,0.007,guard,0.063,torture,0.017
boom,0.007,evade,0.063,empower,0.017
compensate,0.007,boat,0.063,cost,0.017
rebuild,0.007,volunteer,0.063,din,0.017
veil,0.007,skirt,0.063,liberate,0.016
spot,0.007,develop,0.063,mutilate,0.016
distract,0.006,serve,0.063,emancipate,0.016
calm,0.006,mind,0.063,lull,0.016
recite,0.006,enrage,0.062,refrain,0.016
enumerate,0.006,practice,0.062,blaze,0.016
skip,0.006,oppose,0.062,relapse,0.016
gear,0.006,warn,0.062,screw,0.016
style,0.006,silence,0.062,tack,0.016
pale,0.006,take,0.062,rustle,0.015
stab,0.006,refuse,0.062,argue,0.015
seem,0.006,weed,0.062,disengage,0.015
mill,0.006,list,0.062,burden,0.015
toy,0.006,confuse,0.062,dissipate,0.015
price,0.006,listen,0.062,abstract,0.015
reveal,0.006,approach,0.062,toll,0.015
survive,0.006,sun,0.062,lose,0.015
exhaust,0.005,chase,0.062,sustain,0.015
flame,0.005,beat,0.062,hawk,0.015
repair,0.005,correct,0.062,despair,0.015
qualify,0.005,saw,0.062,knit,0.015
advertise,0.005,stretch,0.062,taper,0.015
go,0.005,lounge,0.062,ache,0.015
eclipse,0.005,prize,0.062,soothe,0.015
surround,0.005,contrast,0.062,hammer,0.014
capture,0.005,cut,0.062,massacre,0.014
verify,0.005,jam,0.062,steal,0.014
scale,0.005,glow,0.062,persist,0.014
dangle,0.005,raise,0.062,chop,0.014
diffuse,0.005,puff,0.062,delegate,0.014
delegate,0.005,qualify,0.062,chronicle,0.014
consolidate,0.004,detail,0.062,dwindle,0.014
curl,0.004,watch,0.062,extract,0.014
castle,0.004,calm,0.062,dash,0.013
define,0.004,leap,0.062,powder,0.013
balance,0.004,trouble,0.062,tighten,0.013
flag,0.004,begin,0.062,bargain,0.013
assume,0.004,force,0.062,trace,0.013
hatch,0.004,fly,0.062,eject,0.013
battle,0.004,intersect,0.061,pace,0.013
rag,0.004,laugh,0.061,bury,0.013
reappear,0.004,rob,0.061,chime,0.013
provide,0.004,fry,0.061,glory,0.013
appear,0.004,get,0.061,disagree,0.013
coal,0.004,review,0.061,dam,0.013
message,0.004,crook,0.061,substitute,0.013
refund,0.004,cap,0.061,escort,0.013
mount,0.003,compound,0.061,circulate,0.013
web,0.003,crop,0.061,swallow,0.013
abstract,0.003,dive,0.061,frequent,0.013
deprecate,0.003,steam,0.061,edit,0.013
trigger,0.003,single,0.061,reward,0.013
fix,0.003,rent,0.061,dull,0.013
starve,0.003,range,0.061,lag,0.013
quote,0.003,finish,0.061,disband,0.013
bite,0.003,branch,0.061,trap,0.012
whitewash,0.003,print,0.061,usher,0.012
wall,0.003,pool,0.061,sin,0.012
protest,0.003,sense,0.061,refuse,0.011
drain,0.003,manage,0.061,compensate,0.011
satisfy,0.003,sack,0.061,emit,0.011
cut,0.002,describe,0.061,ban,0.011
certify,0.002,iron,0.061,grate,0.011
brown,0.002,continue,0.061,tin,0.011
institute,0.002,reflect,0.061,publish,0.011
hang,0.002,toy,0.061,flank,0.011
stamp,0.002,apply,0.061,interpret,0.011
rice,0.002,play,0.061,vacate,0.011
slat,0.002,surprise,0.061,repent,0.011
strangle,0.002,taste,0.061,commit,0.011
crowd,0.002,set,0.061,pour,0.011
gamble,0.002,tell,0.061,allege,0.011
irrigate,0.002,glare,0.061,ascend,0.011
mean,0.002,cat,0.061,destroy,0.010
tie,0.002,tap,0.061,linger,0.010
tire,0.002,congregate,0.060,prostrate,0.010
size,0.002,reinstate,0.060,absent,0.010
rustle,0.002,bark,0.060,flame,0.010
release,0.002,respond,0.060,sleep,0.010
insert,0.002,secure,0.060,howl,0.010
branch,0.002,reduce,0.060,confuse,0.010
back,0.002,freeze,0.060,reef,0.009
illustrate,0.002,dislike,0.060,foul,0.009
confront,0.002,battle,0.060,overturn,0.009
deepen,0.002,judge,0.060,corrupt,0.009
graduate,0.002,deafen,0.060,contend,0.009
note,0.002,duck,0.060,pant,0.009
chuckle,0.001,beam,0.060,retreat,0.009
content,0.001,limit,0.060,value,0.009
horn,0.001,wind,0.060,confederate,0.009
stoop,0.001,elicit,0.060,chap,0.009
beat,0.001,include,0.060,groan,0.009
suck,0.001,crowd,0.060,compromise,0.009
cloud,0.001,examine,0.060,tender,0.009
wake,0.001,web,0.060,smelt,0.009
wander,0.001,wade,0.060,whiten,0.008
shrink,0.001,diverge,0.060,recruit,0.008
ridge,0.001,institute,0.060,grudge,0.008
weed,0.001,treat,0.060,thrive,0.008
hoist,0.001,dye,0.060,struggle,0.008
relax,0.001,pertain,0.060,mine,0.008
beam,0.001,suck,0.060,discontent,0.008
test,0.001,succumb,0.060,stroke,0.008
trade,0.000,terrace,0.059,chafe,0.008
evade,0.000,empower,0.059,cat,0.008
ford,0.000,fruit,0.059,reside,0.007
signify,0.000,coal,0.059,clench,0.007
sprinkle,0.000,shake,0.059,exterminate,0.007
hunt,0.000,weather,0.059,fuse,0.007
applaud,0.000,choose,0.059,conceal,0.007
cart,-0.000,soak,0.059,slave,0.007
check,-0.000,article,0.059,curse,0.007
sparkle,-0.000,end,0.059,felt,0.007
bread,-0.000,go,0.059,overrule,0.007
slope,-0.000,speed,0.059,dismay,0.007
jump,-0.000,lick,0.059,bribe,0.007
update,-0.000,accommodate,0.059,spoil,0.006
crawl,-0.000,deteriorate,0.059,whip,0.006
number,-0.000,trickle,0.059,rebel,0.006
premier,-0.000,winter,0.059,clash,0.006
start,-0.000,hear,0.059,trickle,0.006
tree,-0.000,fish,0.059,injure,0.006
catch,-0.001,pride,0.059,bruise,0.006
crow,-0.001,work,0.059,reinforce,0.006
breed,-0.001,wrong,0.059,cleanse,0.006
result,-0.001,prefer,0.059,entangle,0.006
fill,-0.001,partake,0.058,flesh,0.006
crackle,-0.001,raid,0.058,seal,0.006
compound,-0.001,arch,0.058,gin,0.005
bush,-0.001,classify,0.058,trigger,0.005
tease,-0.001,pelt,0.058,mend,0.005
challenge,-0.001,chatter,0.058,understand,0.005
shield,-0.001,implement,0.058,wink,0.005
chase,-0.001,hurt,0.058,influence,0.005
grain,-0.001,reproduce,0.058,caress,0.005
volunteer,-0.001,negotiate,0.058,temper,0.005
feather,-0.001,want,0.058,pluck,0.004
draw,-0.001,ruin,0.058,welsh,0.004
pick,-0.001,ride,0.058,scorch,0.004
pull,-0.001,mount,0.058,strain,0.004
contest,-0.001,resemble,0.058,resent,0.004
express,-0.001,arm,0.058,dun,0.004
choose,-0.001,chew,0.058,grant,0.004
character,-0.001,league,0.058,scar,0.004
find,-0.001,cure,0.058,aggregate,0.003
swamp,-0.001,aggregate,0.058,bin,0.003
name,-0.002,defend,0.058,loosen,0.003
press,-0.002,cook,0.058,buoy,0.003
subdivide,-0.002,compromise,0.058,divide,0.003
stride,-0.002,jump,0.058,precipitate,0.003
overflow,-0.002,engage,0.058,elude,0.003
warm,-0.002,move,0.058,surrender,0.003
lick,-0.002,knit,0.058,choke,0.003
snake,-0.002,scratch,0.058,bang,0.003
flare,-0.002,avail,0.058,moon,0.003
attach,-0.003,paint,0.058,regulate,0.003
key,-0.003,race,0.058,bequeath,0.003
rent,-0.003,slump,0.058,pinch,0.003
receipt,-0.003,vote,0.058,impair,0.003
smother,-0.003,float,0.057,par,0.003
humiliate,-0.003,twin,0.057,impoverish,0.003
chair,-0.003,flame,0.057,lave,0.003
soak,-0.003,notice,0.057,beat,0.002
experience,-0.003,patch,0.057,even,0.002
kidnap,-0.003,cheek,0.057,baptize,0.002
stir,-0.003,rake,0.057,swamp,0.002
fowl,-0.003,blossom,0.057,restrain,0.002
intersect,-0.003,lease,0.057,bind,0.002
pocket,-0.003,steep,0.057,suffer,0.002
saturate,-0.003,eat,0.057,displace,0.002
wait,-0.003,carpet,0.057,battle,0.002
haul,-0.003,thread,0.057,dissent,0.002
mock,-0.003,decide,0.057,disturb,0.002
rejoin,-0.003,travel,0.057,concur,0.002
sound,-0.003,comfort,0.057,deprecate,0.002
cool,-0.003,market,0.057,devil,0.001
murder,-0.003,happen,0.057,disapprove,0.001
land,-0.003,summit,0.057,revive,0.001
dive,-0.004,express,0.057,strangle,0.001
air,-0.004,hide,0.057,tenant,0.001
totter,-0.004,shoot,0.057,miss,0.001
rid,-0.004,slow,0.057,lend,0.001
survey,-0.004,bread,0.057,accord,0.001
add,-0.004,issue,0.057,recount,0.001
run,-0.004,pump,0.057,succeed,0.001
stone,-0.004,embrace,0.057,plead,0.001
march,-0.004,tolerate,0.057,hoist,0.001
tune,-0.004,rescue,0.057,rhyme,0.001
stratify,-0.004,distract,0.057,vein,0.000
estimate,-0.004,busy,0.057,vent,0.000
include,-0.004,even,0.057,discourse,0.000
imagine,-0.004,decompose,0.056,forget,0.000
vault,-0.004,bleach,0.056,redden,0.000
report,-0.004,number,0.056,acknowledge,-0.000
trap,-0.004,fast,0.056,extort,-0.000
stable,-0.005,hop,0.056,dislike,-0.000
squat,-0.005,coast,0.056,thatch,-0.000
ripple,-0.005,wipe,0.056,insist,-0.000
act,-0.005,appear,0.056,plunder,-0.000
lap,-0.005,knock,0.056,stave,-0.000
sugar,-0.005,understand,0.056,contribute,-0.000
append,-0.005,curtain,0.056,furrow,-0.001
hold,-0.005,distance,0.056,rejoin,-0.001
cap,-0.005,put,0.056,forgive,-0.001
predict,-0.005,overflow,0.056,proceed,-0.001
ban,-0.005,relax,0.056,acquit,-0.001
breeze,-0.005,yellow,0.056,sicken,-0.001
nominate,-0.005,consolidate,0.056,consist,-0.001
fan,-0.005,haul,0.056,retard,-0.001
salt,-0.005,strip,0.056,sneer,-0.001
elbow,-0.005,try,0.056,retort,-0.001
pertain,-0.005,trade,0.056,append,-0.001
ask,-0.005,designate,0.056,vow,-0.001
calculate,-0.005,demolish,0.056,prosecute,-0.001
reef,-0.005,fringe,0.056,civilize,-0.001
respond,-0.005,identify,0.056,remit,-0.001
wine,-0.005,offer,0.056,yield,-0.001
coach,-0.005,board,0.056,spare,-0.002
request,-0.006,plant,0.056,salt,-0.002
glow,-0.006,breed,0.056,invoke,-0.002
climb,-0.006,tip,0.056,sole,-0.002
stall,-0.006,head,0.055,rout,-0.002
bag,-0.006,bowl,0.055,precede,-0.002
overshadow,-0.006,hat,0.055,refresh,-0.002
carry,-0.006,fair,0.055,rank,-0.002
leap,-0.006,bow,0.055,burst,-0.002
recline,-0.006,perfume,0.055,forfeit,-0.002
sip,-0.006,turn,0.055,reform,-0.002
accelerate,-0.006,hood,0.055,mingle,-0.002
revolve,-0.006,stock,0.055,accommodate,-0.002
rain,-0.006,swim,0.055,dictate,-0.002
own,-0.006,disgust,0.055,twinkle,-0.002
rack,-0.006,argue,0.055,settle,-0.002
decide,-0.006,deck,0.055,pervert,-0.003
middle,-0.006,withdraw,0.055,prefer,-0.003
gun,-0.006,power,0.055,infuse,-0.003
submerge,-0.007,access,0.055,fail,-0.003
lodge,-0.007,cave,0.055,delineate,-0.003
disable,-0.007,breeze,0.055,accrue,-0.003
discontinue,-0.007,buy,0.055,enhance,-0.003
wheel,-0.007,post,0.055,disorder,-0.003
taste,-0.007,madden,0.055,hum,-0.003
smile,-0.007,smooth,0.055,moderate,-0.003
excavate,-0.007,upset,0.055,spur,-0.003
glare,-0.007,milk,0.055,impede,-0.003
kick,-0.007,shave,0.055,acquaint,-0.003
parallel,-0.007,possess,0.055,expel,-0.003
object,-0.007,subdivide,0.055,rule,-0.003
spell,-0.007,produce,0.055,plat,-0.003
cement,-0.007,schedule,0.055,solicit,-0.003
throw,-0.007,allow,0.055,premier,-0.003
dip,-0.007,fell,0.055,boil,-0.004
boot,-0.008,compress,0.055,reprint,-0.004
train,-0.008,fight,0.055,verse,-0.004
shuffle,-0.008,plate,0.055,establish,-0.004
yellow,-0.008,lean,0.055,quiver,-0.004
reproduce,-0.008,exchange,0.055,sigh,-0.004
transfer,-0.008,disagree,0.055,advise,-0.004
hammer,-0.008,grass,0.054,soften,-0.004
premise,-0.008,highlight,0.054,cancel,-0.004
stream,-0.008,occasion,0.054,concede,-0.004
push,-0.008,sketch,0.054,shorten,-0.004
look,-0.008,caution,0.054,utter,-0.004
pet,-0.008,stable,0.054,frank,-0.005
bang,-0.008,foil,0.054,induce,-0.005
grate,-0.008,click,0.054,poise,-0.005
rail,-0.009,impact,0.054,laud,-0.005
close,-0.009,question,0.054,shout,-0.005
scratch,-0.009,file,0.054,compose,-0.005
thin,-0.009,brand,0.054,avert,-0.005
read,-0.009,station,0.054,lavish,-0.005
group,-0.009,man,0.054,ditto,-0.005
lecture,-0.009,second,0.054,expense,-0.005
concentrate,-0.009,appreciate,0.054,reclaim,-0.005
phrase,-0.009,sight,0.054,promise,-0.005
cram,-0.009,carry,0.054,suppose,-0.005
bronze,-0.009,break,0.054,indulge,-0.006
cancel,-0.009,advantage,0.054,delay,-0.006
scotch,-0.010,radiate,0.054,savage,-0.006
react,-0.010,hoist,0.054,define,-0.006
scan,-0.010,forward,0.054,tread,-0.006
round,-0.010,wall,0.054,assay,-0.006
show,-0.010,concert,0.053,infest,-0.006
strand,-0.010,communicate,0.053,shipwreck,-0.006
move,-0.010,unload,0.053,profit,-0.006
solve,-0.010,elbow,0.053,fasten,-0.006
sing,-0.010,rifle,0.053,constitute,-0.006
tow,-0.010,route,0.053,beset,-0.006
line,-0.010,challenge,0.053,deepen,-0.006
fence,-0.010,lock,0.053,pronounce,-0.007
dart,-0.010,rest,0.053,free,-0.007
snap,-0.010,sound,0.053,skirmish,-0.007
radiate,-0.010,hole,0.053,scotch,-0.007
pose,-0.010,thrash,0.053,deserve,-0.007
assess,-0.011,bask,0.053,punish,-0.007
spin,-0.011,pit,0.053,administer,-0.007
yell,-0.011,dim,0.053,decay,-0.007
patch,-0.011,design,0.053,sob,-0.007
race,-0.011,change,0.053,doubt,-0.007
shatter,-0.011,lay,0.053,reckon,-0.007
change,-0.011,brush,0.053,scourge,-0.007
puzzle,-0.011,lie,0.052,enumerate,-0.007
compress,-0.011,locate,0.052,heed,-0.007
splash,-0.011,ask,0.052,persuade,-0.007
nestle,-0.011,circle,0.052,mitigate,-0.008
rest,-0.011,field,0.052,shelve,-0.008
joke,-0.011,remove,0.052,bless,-0.008
lead,-0.012,coat,0.052,privilege,-0.008
pearl,-0.012,draw,0.052,prompt,-0.008
stop,-0.012,demonstrate,0.052,tremble,-0.008
live,-0.012,grip,0.052,hiss,-0.008
trail,-0.012,thin,0.052,reproach,-0.008
edge,-0.012,open,0.052,accuse,-0.008
bird,-0.012,seal,0.052,amend,-0.008
dye,-0.012,pain,0.052,poison,-0.008
adjust,-0.012,distribute,0.052,drown,-0.008
counter,-0.012,pause,0.052,diffuse,-0.008
spread,-0.012,lot,0.052,muffle,-0.008
down,-0.012,clerk,0.052,stagger,-0.009
pin,-0.012,gap,0.052,assign,-0.009
blue,-0.013,provide,0.052,surge,-0.009
bridge,-0.013,crawl,0.052,dilute,-0.009
narrow,-0.013,round,0.052,snake,-0.009
spar,-0.013,compete,0.052,reek,-0.009
talk,-0.013,stop,0.052,smite,-0.009
glass,-0.013,narrow,0.052,refine,-0.009
string,-0.013,mix,0.052,gleam,-0.009
wind,-0.013,veil,0.052,thunder,-0.009
reelect,-0.014,occupy,0.052,resign,-0.009
tour,-0.014,run,0.052,elbow,-0.009
thrill,-0.014,rail,0.052,assail,-0.009
hook,-0.014,drain,0.052,alight,-0.009
piece,-0.014,note,0.052,denounce,-0.009
ferry,-0.014,bubble,0.052,frown,-0.009
bounce,-0.014,hit,0.051,enforce,-0.009
interest,-0.014,whistle,0.051,situate,-0.009
roof,-0.014,aim,0.051,berth,-0.010
answer,-0.014,character,0.051,prospect,-0.010
initiate,-0.014,suffocate,0.051,exert,-0.010
match,-0.014,promote,0.051,multiply,-0.010
overlook,-0.014,assemble,0.051,till,-0.010
graze,-0.014,grasp,0.051,mangle,-0.010
designate,-0.014,model,0.051,restore,-0.010
indicate,-0.014,scout,0.051,bristle,-0.010
post,-0.015,body,0.051,dismiss,-0.010
crumble,-0.015,cool,0.051,designate,-0.010
curtain,-0.015,snap,0.051,swell,-0.010
restrict,-0.015,huddle,0.051,deceive,-0.010
breathe,-0.015,divorce,0.051,clamber,-0.011
bottle,-0.015,mill,0.051,oblige,-0.011
hole,-0.015,chair,0.051,gallop,-0.011
can,-0.015,achieve,0.051,anoint,-0.011
leave,-0.015,sleep,0.051,intrigue,-0.011
propel,-0.015,overhang,0.051,ting,-0.011
wish,-0.015,warm,0.051,divest,-0.011
flush,-0.015,mail,0.051,import,-0.011
cotton,-0.015,bottom,0.051,canton,-0.011
mouth,-0.015,boom,0.051,proportion,-0.011
moon,-0.015,collapse,0.051,rein,-0.011
sail,-0.015,progress,0.051,writhe,-0.011
saw,-0.016,receipt,0.051,tat,-0.011
horse,-0.016,dash,0.051,exclaim,-0.011
lounge,-0.016,mud,0.051,degrade,-0.011
laugh,-0.016,care,0.051,prolong,-0.012
exercise,-0.016,surround,0.051,muster,-0.012
sole,-0.016,dot,0.051,trample,-0.012
mature,-0.016,nurse,0.050,abhor,-0.012
dilute,-0.016,joke,0.050,ripen,-0.012
demolish,-0.016,mass,0.050,pelt,-0.012
concert,-0.016,pant,0.050,steamer,-0.012
board,-0.016,pocket,0.050,murmur,-0.012
skim,-0.016,flour,0.050,wag,-0.012
sell,-0.016,boost,0.050,heal,-0.012
comment,-0.016,struggle,0.050,consign,-0.012
flutter,-0.016,rice,0.050,cock,-0.012
sew,-0.017,repel,0.050,flog,-0.012
terrace,-0.017,investigate,0.050,lord,-0.012
bark,-0.017,finance,0.050,transpire,-0.013
identify,-0.017,risk,0.050,burn,-0.013
tide,-0.017,bay,0.050,flit,-0.013
pit,-0.017,modify,0.050,dissolve,-0.013
float,-0.017,string,0.050,hem,-0.013
sleep,-0.017,connect,0.049,voyage,-0.013
age,-0.018,twist,0.049,slop,-0.013
perfume,-0.018,pet,0.049,deprive,-0.013
church,-0.018,chalk,0.049,rage,-0.013
jar,-0.018,commute,0.049,manifest,-0.013
pink,-0.018,eye,0.049,scatter,-0.013
silver,-0.018,rid,0.049,baffle,-0.013
aggregate,-0.018,hold,0.049,lash,-0.013
draft,-0.018,check,0.049,bore,-0.013
term,-0.018,reference,0.049,lament,-0.013
pop,-0.018,corner,0.049,demolish,-0.013
lock,-0.018,spill,0.049,divorce,-0.013
level,-0.018,handle,0.049,rivet,-0.014
see,-0.018,glaze,0.049,fortify,-0.014
hover,-0.019,reopen,0.049,dispose,-0.014
home,-0.019,grind,0.049,convict,-0.014
mass,-0.019,pile,0.049,impeach,-0.014
steep,-0.019,involve,0.049,bosom,-0.014
manufacture,-0.019,roast,0.049,yoke,-0.014
fringe,-0.019,structure,0.049,droop,-0.014
stuff,-0.019,suit,0.049,strive,-0.014
blend,-0.019,absorb,0.049,quarrel,-0.014
bell,-0.019,shine,0.049,assent,-0.014
replace,-0.019,mask,0.049,devote,-0.014
sit,-0.019,line,0.049,radiate,-0.015
imbibe,-0.020,place,0.049,pave,-0.015
inspect,-0.020,fire,0.048,endeavor,-0.015
pile,-0.020,down,0.048,distribute,-0.015
absorb,-0.020,touch,0.048,inhabit,-0.015
organize,-0.020,labor,0.048,defile,-0.015
ship,-0.020,lace,0.048,overthrow,-0.015
separate,-0.020,result,0.048,neglect,-0.015
surprise,-0.020,couple,0.048,ascertain,-0.015
tongue,-0.020,hook,0.048,tramp,-0.015
blush,-0.020,push,0.048,flatter,-0.015
shallow,-0.020,piece,0.048,vanish,-0.016
bake,-0.020,cabin,0.048,sear,-0.016
rig,-0.020,detach,0.048,slat,-0.016
prize,-0.021,respect,0.048,reserve,-0.016
surface,-0.021,level,0.048,tempt,-0.016
chain,-0.021,course,0.048,devastate,-0.016
bar,-0.021,concentrate,0.048,facilitate,-0.016
patronize,-0.021,card,0.048,hew,-0.016
vote,-0.021,right,0.048,undulate,-0.016
brew,-0.021,wear,0.048,throb,-0.016
coke,-0.021,load,0.048,vex,-0.016
highlight,-0.021,shoulder,0.048,divine,-0.016
entertain,-0.021,figure,0.048,befall,-0.017
cord,-0.021,top,0.047,admit,-0.017
demonstrate,-0.021,angle,0.047,suppress,-0.017
date,-0.022,mouth,0.047,penetrate,-0.017
drop,-0.022,hamper,0.047,arouse,-0.017
slide,-0.022,attach,0.047,endow,-0.017
overhang,-0.022,wrap,0.047,confide,-0.017
converse,-0.022,cotton,0.047,entitle,-0.017
chop,-0.022,snow,0.047,exalt,-0.017
empty,-0.022,operate,0.047,enrage,-0.017
flour,-0.022,trigger,0.047,wilt,-0.017
farm,-0.022,border,0.047,reject,-0.017
copper,-0.022,transport,0.047,ransom,-0.017
clasp,-0.022,hover,0.047,provoke,-0.017
people,-0.022,exhaust,0.047,garrison,-0.017
step,-0.023,smile,0.047,irrigate,-0.017
couple,-0.023,paddle,0.047,deny,-0.017
treat,-0.023,scrap,0.047,tarry,-0.017
crush,-0.023,counter,0.047,obey,-0.018
plant,-0.023,stride,0.047,betray,-0.018
intimate,-0.023,fan,0.047,quicken,-0.018
sting,-0.023,trail,0.047,subside,-0.018
yawn,-0.023,dress,0.047,subordinate,-0.018
stand,-0.024,shop,0.047,commend,-0.018
stud,-0.024,blue,0.046,illustrate,-0.018
shoot,-0.024,shill,0.046,bustle,-0.018
detach,-0.024,hand,0.046,abridge,-0.018
open,-0.024,squeeze,0.046,increase,-0.018
suffocate,-0.024,protect,0.046,conceive,-0.018
shell,-0.024,stall,0.046,frighten,-0.018
nurse,-0.024,better,0.046,undertake,-0.018
band,-0.024,tow,0.046,heap,-0.018
mix,-0.024,drink,0.046,levy,-0.018
grind,-0.024,ridge,0.046,preach,-0.018
call,-0.024,hang,0.046,oppress,-0.018
spill,-0.025,bronze,0.046,affirm,-0.018
screw,-0.025,bother,0.046,preside,-0.019
mask,-0.025,match,0.046,enable,-0.019
fetch,-0.025,bare,0.046,dissatisfy,-0.019
classify,-0.025,stand,0.046,dispense,-0.019
thread,-0.025,smell,0.046,deafen,-0.019
ground,-0.025,clear,0.046,exceed,-0.019
fruit,-0.025,stunt,0.046,repudiate,-0.019
fund,-0.025,middle,0.045,reap,-0.019
disagree,-0.025,sit,0.045,peg,-0.019
suggest,-0.025,kick,0.045,sup,-0.019
distribute,-0.025,steer,0.045,frost,-0.019
print,-0.025,crouch,0.045,enrich,-0.019
point,-0.025,see,0.045,hate,-0.019
puff,-0.025,fix,0.045,thwart,-0.019
shoe,-0.025,bar,0.045,displease,-0.019
bay,-0.025,front,0.045,devise,-0.019
earth,-0.026,foam,0.045,dwell,-0.020
riot,-0.026,sprinkle,0.045,declare,-0.020
stock,-0.026,riot,0.045,depose,-0.020
base,-0.026,inspect,0.045,quell,-0.020
say,-0.026,shallow,0.045,peal,-0.020
bottom,-0.026,roof,0.045,overpower,-0.020
carpet,-0.026,average,0.045,relieve,-0.020
buy,-0.027,worsen,0.045,recede,-0.020
switch,-0.027,target,0.044,imbibe,-0.020
smash,-0.027,assess,0.044,supplant,-0.020
fly,-0.027,throw,0.044,slacken,-0.020
bank,-0.027,heat,0.044,assert,-0.020
dig,-0.027,lower,0.044,nourish,-0.020
shake,-0.027,protest,0.044,cleave,-0.020
bend,-0.028,tongue,0.044,besiege,-0.020
bed,-0.028,solve,0.044,profess,-0.021
picture,-0.028,start,0.044,ordain,-0.021
evaporate,-0.028,cup,0.044,ridicule,-0.021
touch,-0.028,hill,0.044,appoint,-0.021
pretend,-0.028,record,0.044,perceive,-0.021
characterize,-0.028,converse,0.044,moor,-0.021
wet,-0.028,fit,0.044,devolve,-0.021
schedule,-0.028,air,0.044,cultivate,-0.021
retail,-0.028,dominate,0.043,woo,-0.021
roast,-0.028,entertain,0.043,faint,-0.021
suit,-0.028,foot,0.043,stow,-0.021
wear,-0.028,do,0.043,intrude,-0.021
squeeze,-0.028,drop,0.043,tint,-0.021
drink,-0.029,cheer,0.043,soar,-0.021
bowl,-0.029,puzzle,0.043,enact,-0.021
remove,-0.029,recline,0.043,arise,-0.021
twin,-0.029,wash,0.043,dedicate,-0.021
man,-0.029,need,0.043,throng,-0.021
pack,-0.029,hammer,0.043,boast,-0.021
nail,-0.029,bud,0.043,limp,-0.021
map,-0.029,isolate,0.043,roar,-0.021
seal,-0.030,style,0.043,exempt,-0.021
brush,-0.030,disguise,0.042,confess,-0.021
ignore,-0.030,gun,0.042,wreathe,-0.021
click,-0.030,seem,0.042,thrust,-0.021
view,-0.030,mature,0.042,debase,-0.021
dance,-0.030,fence,0.042,furnish,-0.021
hand,-0.030,control,0.042,assure,-0.021
chalk,-0.030,tree,0.042,waft,-0.022
tap,-0.031,arrange,0.042,decree,-0.022
shed,-0.031,lumber,0.042,elapse,-0.022
club,-0.031,appropriate,0.042,extricate,-0.022
tighten,-0.031,silver,0.042,suspend,-0.022
milk,-0.031,chain,0.042,clasp,-0.022
adopt,-0.031,sling,0.042,squire,-0.022
dine,-0.031,display,0.042,certify,-0.022
resume,-0.031,kindle,0.042,sow,-0.022
coat,-0.031,railroad,0.042,stifle,-0.022
freeze,-0.032,present,0.042,cling,-0.022
wipe,-0.032,walk,0.042,distinguish,-0.022
postpone,-0.032,loosen,0.041,darken,-0.022
project,-0.032,avoid,0.041,consecrate,-0.022
clerk,-0.032,grain,0.041,pardon,-0.022
bleach,-0.033,offset,0.041,waver,-0.022
register,-0.033,point,0.041,agitate,-0.022
track,-0.033,prevent,0.041,adjourn,-0.022
fight,-0.033,drill,0.041,procure,-0.022
guarantee,-0.033,ball,0.041,convulse,-0.022
poke,-0.033,intimate,0.041,conclude,-0.022
glitter,-0.033,rear,0.041,beckon,-0.022
announce,-0.033,sour,0.041,conform,-0.022
wrap,-0.033,focus,0.041,encircle,-0.022
put,-0.033,cart,0.041,err,-0.022
hug,-0.034,disappear,0.041,seel,-0.022
wax,-0.034,pretend,0.041,seize,-0.022
market,-0.034,damage,0.041,embody,-0.022
foot,-0.034,pair,0.041,blacken,-0.022
tile,-0.034,cover,0.041,withhold,-0.022
pitch,-0.034,disable,0.041,accurse,-0.023
hamper,-0.035,exercise,0.041,intoxicate,-0.023
stroll,-0.035,breast,0.041,wail,-0.023
buoy,-0.035,advertise,0.041,impart,-0.023
set,-0.035,plaster,0.040,adduce,-0.023
league,-0.035,flash,0.040,bespeak,-0.023
beach,-0.035,can,0.040,strengthen,-0.023
sport,-0.036,react,0.040,redouble,-0.023
rope,-0.036,repair,0.040,endear,-0.023
hit,-0.036,ice,0.040,stag,-0.023
cover,-0.036,exhibit,0.040,cripple,-0.023
box,-0.037,bat,0.040,wrest,-0.023
freight,-0.037,incline,0.040,obstruct,-0.023
book,-0.037,pin,0.040,intersperse,-0.023
cook,-0.037,step,0.039,fin,-0.023
testify,-0.037,store,0.039,defy,-0.023
winter,-0.037,pull,0.039,heighten,-0.023
smell,-0.037,shape,0.039,retain,-0.023
reprint,-0.037,look,0.039,correspond,-0.023
knit,-0.037,scent,0.039,devour,-0.023
reference,-0.037,disengage,0.039,insure,-0.023
repel,-0.038,swing,0.039,quench,-0.023
eat,-0.038,back,0.038,affix,-0.023
hop,-0.038,band,0.038,deplore,-0.023
auction,-0.038,group,0.038,transact,-0.023
strip,-0.038,slope,0.038,stoke,-0.023
hide,-0.038,crack,0.038,inculcate,-0.023
smooth,-0.039,picture,0.038,martyr,-0.023
review,-0.039,bag,0.038,surmount,-0.023
lay,-0.040,scale,0.038,condemn,-0.023
twist,-0.040,coke,0.038,comply,-0.023
kiss,-0.040,toss,0.038,dilate,-0.023
describe,-0.040,humiliate,0.037,destine,-0.023
foam,-0.040,camp,0.037,entrust,-0.023
turn,-0.040,belt,0.037,parch,-0.023
fire,-0.041,ford,0.037,transmit,-0.023
lift,-0.041,sink,0.037,befit,-0.023
sex,-0.041,color,0.037,seethe,-0.023
shrug,-0.041,rock,0.037,inflict,-0.023
whistle,-0.042,ease,0.037,reinstate,-0.023
rob,-0.042,amount,0.037,discharge,-0.023
paint,-0.043,seat,0.037,blot,-0.023
drill,-0.043,face,0.037,diminish,-0.023
specify,-0.043,edge,0.037,oust,-0.024
record,-0.043,spar,0.037,seclude,-0.024
rock,-0.043,smoke,0.037,banish,-0.024
parade,-0.043,brown,0.037,enlarge,-0.024
reopen,-0.043,perfect,0.037,inflame,-0.024
burn,-0.043,grapple,0.037,divert,-0.024
duck,-0.044,warehouse,0.037,suffice,-0.024
boat,-0.044,wrestle,0.036,resound,-0.024
smoke,-0.044,gravel,0.036,prevail,-0.024
cabin,-0.044,spot,0.036,overwhelm,-0.024
rename,-0.044,curb,0.036,ennoble,-0.024
swim,-0.044,boot,0.036,enclose,-0.024
foil,-0.044,support,0.036,confine,-0.024
bat,-0.044,help,0.036,shun,-0.024
chew,-0.045,bounce,0.036,rend,-0.024
shape,-0.045,ground,0.036,confer,-0.024
drive,-0.045,home,0.036,grieve,-0.024
argue,-0.045,pop,0.036,bereave,-0.024
wave,-0.045,nail,0.036,afflict,-0.024
write,-0.045,buoy,0.035,abate,-0.024
wash,-0.045,fluctuate,0.035,gratify,-0.024
fork,-0.045,pitch,0.035,dignify,-0.024
flash,-0.046,balance,0.035,perplex,-0.024
bare,-0.046,size,0.035,blight,-0.024
decompose,-0.046,deploy,0.035,perpetrate,-0.024
lie,-0.046,surface,0.035,unite,-0.024
wrestle,-0.046,light,0.035,repose,-0.024
paddle,-0.046,propel,0.035,gall,-0.024
monitor,-0.047,task,0.034,adjoin,-0.024
exhibit,-0.047,decorate,0.034,apprehend,-0.024
lumber,-0.047,wet,0.034,ail,-0.024
isolate,-0.047,specify,0.033,inscribe,-0.024
blow,-0.047,squat,0.033,elate,-0.024
steam,-0.047,discontinue,0.033,compel,-0.024
eliminate,-0.047,switch,0.033,stratify,-0.024
railroad,-0.049,stuff,0.033,owe,-0.024
shop,-0.049,compensate,0.033,descry,-0.024
erase,-0.049,interfere,0.033,encroach,-0.024
sharpen,-0.049,cement,0.033,inaugurate,-0.024
fluctuate,-0.049,monitor,0.033,excite,-0.024
toss,-0.049,drag,0.033,betroth,-0.024
curb,-0.050,base,0.033,mar,-0.024
produce,-0.050,track,0.033,impend,-0.024
pool,-0.050,hug,0.033,render,-0.024
steamer,-0.050,wield,0.032,efface,-0.024
card,-0.050,use,0.032,heave,-0.024
pirate,-0.050,vest,0.032,engender,-0.024
amount,-0.051,crew,0.032,scend,-0.024
rake,-0.051,tighten,0.032,teem,-0.024
stick,-0.052,restrict,0.032,emanate,-0.024
average,-0.052,rig,0.031,dilapidate,-0.024
sketch,-0.053,park,0.031,bewilder,-0.024
clean,-0.053,freight,0.031,strew,-0.024
target,-0.054,shelter,0.031,defray,-0.024
sling,-0.054,view,0.030,exult,-0.024
gravel,-0.054,dry,0.030,scruple,-0.024
ditto,-0.054,rack,0.030,overrun,-0.024
deck,-0.054,rope,0.030,bestow,-0.024
shore,-0.054,gear,0.030,impute,-0.024
slash,-0.055,water,0.030,remonstrate,-0.024
knock,-0.056,people,0.030,augment,-0.024
decorate,-0.056,glass,0.030,enliven,-0.024
cruise,-0.056,sport,0.029,derive,-0.024
bubble,-0.057,bed,0.029,interpose,-0.024
display,-0.057,lap,0.029,impel,-0.025
bustle,-0.057,tire,0.029,daunt,-0.025
park,-0.057,explode,0.029,underlie,-0.025
list,-0.057,service,0.029,avow,-0.025
snow,-0.058,parallel,0.029,forbear,-0.025
pole,-0.059,slide,0.028,subjoin,-0.025
handwrite,-0.060,screen,0.028,languish,-0.025
fish,-0.061,grey,0.028,enjoin,-0.025
exchange,-0.062,clean,0.028,recur,-0.025
trim,-0.062,side,0.028,sojourn,-0.025
walk,-0.063,box,0.028,variegate,-0.025
disappear,-0.063,separate,0.027,usurp,-0.025
shave,-0.064,empty,0.027,awaken,-0.025
sink,-0.064,frame,0.026,accede,-0.025
water,-0.064,lift,0.026,wend,-0.025
cat,-0.066,intervene,0.026,embattle,-0.025
present,-0.066,eliminate,0.026,depute,-0.025
mail,-0.068,climb,0.025,weaken,-0.025
ice,-0.068,adjust,0.023,incur,-0.025
dry,-0.068,object,0.023,vindicate,-0.025
warehouse,-0.068,drive,0.023,succumb,-0.025
plaster,-0.070,wheel,0.023,sanction,-0.025
madden,-0.070,erase,0.022,dishearten,-0.025
single,-0.071,pose,0.022,condescend,-0.025
color,-0.071,pole,0.021,allude,-0.025
swing,-0.071,club,0.021,deem,-0.025
poll,-0.073,shoe,0.020,detach,-0.026
shower,-0.075,assist,0.016,mortify,-0.026
drag,-0.077,cord,0.015,promulgate,-0.026
sweep,-0.083,sweep,0.015,thrash,-0.026
dress,-0.084,organize,0.014,adhere,-0.027
deposit,-0.085,retail,0.007,disperse,-0.027
store,-0.089,tile,0.001,obliterate,-0.035
